project,city,state,project_type,geometry_quality,cost_millions,opening,pre_years,post_years,near_listings,far_listings,near_baseline_reviewed,near_food_share,near_early_reviews,far_early_reviews,near_pre_reviews,far_pre_reviews,near_post_reviews,far_post_reviews,far_growth_factor,expected_near_post,net_review_difference,ce_reviews_per_million
Lafitte,New Orleans,LA,Greenway / public space,mapped_footprint,9.1,2015-11-06,2012/2013,2016/2017,433,3289,242,0.45958429561200925,1972,16901,3549,28379,8748,58061,2.04591423235491,7260.9496106275765,1487.0503893724235,163.41213070026632
Sun Link,Tucson,AZ,Streetcar / transit,mapped_footprint,196.5,2014-07-25,2010/2011,2015/2016,717,4151,278,0.5620641562064156,1266,2483,3807,9957,10943,34394,3.4542532891433164,13150.342271768606,-2207.342271768606,-11.233294003911482
Dilworth Park,Philadelphia,PA,Civic plaza / transit access,mapped_footprint,55.0,2014-09-04,2010/2011,2015/2016,1696,6365,855,0.47641509433962265,7648,18947,17232,41132,36590,78058,1.8977438490712828,32701.922007196346,3888.0779928036536,70.6923271418846
Water Works Park,Tampa,FL,Riverfront park / spring restoration,mapped_footprint,7.4,2014-08,2011/2012,2015/2016,75,3973,6,0.6666666666666666,23,3427,48,12401,1185,54327,4.380856382549794,210.28110636239012,974.7188936376099,131.71876941048782
Riverfront / Ascend,Nashville,TN,Riverfront park / performance venue,mapped_footprint,52.0,2015-07-30,2011/2012,2016/2017,308,3832,123,0.672077922077922,926,6431,2441,18901,13276,52839,2.795566372149622,6823.977514417227,6452.022485582773,124.0773554919764
Tampa Riverwalk,Tampa,FL,Waterfront trail / linear promenade,center_proxy,32.0,2015-03-27,2012/2013,2016/2017,225,3612,98,0.6044444444444445,475,6121,1510,17399,4627,51061,2.934708891315593,4431.410425886545,195.58957411345455,6.112174191045455
Schuylkill Boardwalk,Philadelphia,PA,Over-water boardwalk / linear trail,center_proxy,18.0,2014-10-02,2011/2012,2015/2016,143,8059,81,0.5174825174825175,990,42803,1512,73574,1750,121389,1.6498899067605404,2494.633539021937,-744.6335390219369,-41.36852994566316
The Rail Park,Philadelphia,PA,Elevated viaduct linear greenway,center_proxy,10.3,2018-06-14,2015/2016,2019/2020,291,7091,173,0.5807560137457045,4667,80112,6168,92914,5895,71021,0.7643735066835999,4714.655789224445,1180.3442107755554,114.59652531801508
Crescent Park,New Orleans,LA,Linear riverfront park,center_proxy,31.2,2014-07-01,2011/2012,2015/2016,57,4739,28,0.631578947368421,154,16741,606,44032,1548,115637,2.6262036700581395,1591.4794240552326,-43.479424055232585,-1.3935712838215573
Indianapolis Cultural Trail,Indianapolis,IN,Urban trail,center_proxy,63.0,2013-05-10,2010/2011,2014/2015,456,1339,176,0.6469298245614035,674,555,2199,2666,7316,10304,3.8649662415603903,8499.060765191298,-1183.0607651912978,-18.778742304623776
Gateway Arch Park,Saint Louis,MO,Civic park,center_proxy,380.0,2015-11-20,2012/2013,2016/2017,43,1754,33,0.5581395348837209,466,12531,677,16190,996,27811,1.7177887584928968,1162.942989499691,-166.94298949969107,-0.4393236565781344
