zip5,metro,acs_start_year,acs_end_year,median_household_income,median_household_income_moe,poverty_rate,below_poverty,below_poverty_moe,poverty_universe,poverty_universe_moe
19128,Philadelphia,2007,2011,61216.0,3161.0,0.11364101364978224,3888.0,804.0,34213.0,1349.0
19124,Philadelphia,2007,2011,28988.0,1613.0,0.32396428740138883,20574.0,2218.0,63507.0,2212.0
19133,Philadelphia,2007,2011,14586.0,1405.0,0.5402635431918009,13284.0,1309.0,24588.0,1482.0
19125,Philadelphia,2007,2011,39319.0,3961.0,0.23151805869074493,4923.0,1130.0,21264.0,1307.0
19116,Philadelphia,2007,2011,56014.0,4589.0,0.10851920693928128,3503.0,770.0,32280.0,1184.0
19136,Philadelphia,2007,2011,42492.0,2878.0,0.17032707521549179,5770.0,1066.0,33876.0,1481.0
19114,Philadelphia,2007,2011,53070.0,3024.0,0.07492388336105966,2387.0,543.0,31859.0,837.0
19118,Philadelphia,2007,2011,80950.0,11008.0,0.05846325167037862,525.0,202.0,8980.0,458.0
19134,Philadelphia,2007,2011,24048.0,1889.0,0.48973831426093756,28802.0,2597.0,58811.0,2632.0
19119,Philadelphia,2007,2011,56815.0,5542.0,0.12332378223495702,3228.0,742.0,26175.0,1275.0
19120,Philadelphia,2007,2011,34129.0,1655.0,0.2844335778321108,20242.0,2153.0,71166.0,2462.0
19112,Philadelphia,2007,2011,,,,0.0,81.0,0.0,81.0
19121,Philadelphia,2007,2011,14984.0,1926.0,0.534441663687284,17938.0,1754.0,33564.0,1889.0
19106,Philadelphia,2007,2011,93222.0,10080.0,0.07116982740251439,668.0,253.0,9386.0,592.0
19123,Philadelphia,2007,2011,45044.0,3862.0,0.2078676405878729,2362.0,472.0,11363.0,892.0
19111,Philadelphia,2007,2011,45855.0,2349.0,0.14474410100405088,9183.0,1328.0,63443.0,1738.0
19107,Philadelphia,2007,2011,42194.0,5453.0,0.24650984891948746,2578.0,399.0,10458.0,748.0
19109,Philadelphia,2007,2011,,,,0.0,81.0,0.0,81.0
19104,Philadelphia,2007,2011,21801.0,2153.0,0.48141010817338575,18736.0,2073.0,38919.0,2283.0
19127,Philadelphia,2007,2011,55500.0,7394.0,0.16153005464480874,739.0,256.0,4575.0,608.0
19130,Philadelphia,2007,2011,59510.0,4691.0,0.18632630410654827,4197.0,857.0,22525.0,1005.0
19139,Philadelphia,2007,2011,26487.0,1810.0,0.3378352896808561,14333.0,1749.0,42426.0,2088.0
19115,Philadelphia,2007,2011,47547.0,5720.0,0.1213285671730712,4073.0,778.0,33570.0,1222.0
19103,Philadelphia,2007,2011,55398.0,5992.0,0.13548000737055463,2941.0,601.0,21708.0,1099.0
19131,Philadelphia,2007,2011,30912.0,2647.0,0.3016032064128257,12943.0,1729.0,42914.0,2072.0
19129,Philadelphia,2007,2011,52442.0,11001.0,0.17727901918133282,1793.0,441.0,10114.0,783.0
19137,Philadelphia,2007,2011,42184.0,3999.0,0.1660259490629505,1382.0,479.0,8324.0,565.0
19102,Philadelphia,2007,2011,65703.0,14937.0,0.18906605922551253,664.0,226.0,3512.0,549.0
19138,Philadelphia,2007,2011,34350.0,2844.0,0.22088047922411333,6969.0,1296.0,31551.0,2280.0
19132,Philadelphia,2007,2011,21177.0,1377.0,0.4154542881403906,14678.0,1891.0,35330.0,1823.0
19122,Philadelphia,2007,2011,20697.0,2044.0,0.4191962117532783,6905.0,937.0,16472.0,1055.0
19126,Philadelphia,2007,2011,40681.0,2453.0,0.15259053261592406,2524.0,675.0,16541.0,1091.0
19135,Philadelphia,2007,2011,36480.0,1940.0,0.20645683005722817,6638.0,1130.0,32152.0,1540.0
19140,Philadelphia,2007,2011,22755.0,1883.0,0.402848940731858,22172.0,2073.0,55038.0,2302.0
19113,Philadelphia,2007,2011,96389.0,95564.0,0.0,0.0,81.0,75.0,75.0
19152,Philadelphia,2007,2011,45619.0,2868.0,0.11282404077675975,3608.0,592.0,31979.0,1117.0
19154,Philadelphia,2007,2011,59164.0,2598.0,0.08316603684459141,2817.0,681.0,33872.0,952.0
19149,Philadelphia,2007,2011,41482.0,2903.0,0.1785455599014921,9860.0,1545.0,55224.0,1748.0
19145,Philadelphia,2007,2011,35988.0,2975.0,0.21464233544814354,9845.0,1465.0,45867.0,1937.0
19150,Philadelphia,2007,2011,46622.0,2723.0,0.11446441849276123,2617.0,766.0,22863.0,1291.0
19144,Philadelphia,2007,2011,29849.0,1692.0,0.2824698865629751,12077.0,1539.0,42755.0,2342.0
19146,Philadelphia,2007,2011,33605.0,3035.0,0.2964475174345831,9947.0,1484.0,33554.0,1785.0
19148,Philadelphia,2007,2011,36561.0,1827.0,0.2179724449928028,10600.0,1270.0,48630.0,1968.0
19143,Philadelphia,2007,2011,31724.0,2209.0,0.2959697732997481,19740.0,1746.0,66696.0,2275.0
19151,Philadelphia,2007,2011,37787.0,2689.0,0.23883194739895572,7410.0,1231.0,31026.0,1563.0
19142,Philadelphia,2007,2011,30581.0,1811.0,0.3467976710334789,10483.0,1448.0,30228.0,1460.0
19153,Philadelphia,2007,2011,51212.0,7234.0,0.11249901177958732,1423.0,484.0,12649.0,884.0
19147,Philadelphia,2007,2011,51753.0,2670.0,0.16173713179701205,5348.0,793.0,33066.0,1361.0
19141,Philadelphia,2007,2011,31557.0,3671.0,0.2898782630522088,9239.0,1427.0,31872.0,2055.0
33618,TampaBay,2008,2012,59696.0,5085.0,0.08918530679253027,2173.0,524.0,24365.0,1042.0
33610,TampaBay,2008,2012,29567.0,1831.0,0.31830902931212257,12966.0,1625.0,40734.0,1886.0
33602,TampaBay,2008,2012,65148.0,5151.0,0.17772048364153628,1999.0,400.0,11248.0,591.0
33614,TampaBay,2008,2012,35008.0,2021.0,0.23197827342129462,10848.0,1457.0,46763.0,1585.0
33616,TampaBay,2008,2012,46188.0,5190.0,0.2002535799522673,2685.0,804.0,13408.0,824.0
33613,TampaBay,2008,2012,26991.0,1903.0,0.36986256651323735,11330.0,988.0,30633.0,1473.0
33615,TampaBay,2008,2012,46827.0,2265.0,0.15232473625090853,6916.0,1214.0,45403.0,1796.0
33612,TampaBay,2008,2012,28632.0,1654.0,0.3328234658988663,14796.0,1407.0,44456.0,1631.0
33606,TampaBay,2008,2012,61629.0,6316.0,0.13593109675626866,1957.0,398.0,14397.0,758.0
33604,TampaBay,2008,2012,33881.0,2807.0,0.26456910525896205,9956.0,1307.0,37631.0,1466.0
33619,TampaBay,2008,2012,33471.0,2405.0,0.26707834812813586,8304.0,1118.0,31092.0,1418.0
33620,TampaBay,2008,2012,,,,0.0,14.0,0.0,14.0
33611,TampaBay,2008,2012,52970.0,2193.0,0.12684198215658102,3796.0,791.0,29927.0,1028.0
33609,TampaBay,2008,2012,61114.0,7416.0,0.07494036190143713,1288.0,338.0,17187.0,1028.0
33617,TampaBay,2008,2012,37354.0,1987.0,0.21623542792152403,9126.0,1458.0,42204.0,1739.0
33607,TampaBay,2008,2012,31520.0,3452.0,0.2930267370784648,7047.0,1018.0,24049.0,1445.0
33621,TampaBay,2008,2012,59375.0,15681.0,0.13760896637608966,221.0,152.0,1606.0,193.0
33603,TampaBay,2008,2012,33213.0,2918.0,0.26953918528814286,5042.0,847.0,18706.0,1086.0
33605,TampaBay,2008,2012,26537.0,1350.0,0.39678828523964804,6449.0,885.0,16253.0,1129.0
33715,TampaBay,2008,2012,68898.0,6188.0,0.0989247311827957,644.0,468.0,6510.0,652.0
33713,TampaBay,2008,2012,46631.0,2610.0,0.14836436839456468,4422.0,666.0,29805.0,1083.0
33704,TampaBay,2008,2012,58944.0,5867.0,0.10151768642447419,1699.0,416.0,16736.0,851.0
33701,TampaBay,2008,2012,31460.0,4861.0,0.24583364753789308,3260.0,532.0,13261.0,836.0
33703,TampaBay,2008,2012,58074.0,4210.0,0.08952373043225512,2156.0,569.0,24083.0,1172.0
33705,TampaBay,2008,2012,34317.0,3422.0,0.2686448746429705,6772.0,1078.0,25208.0,1442.0
33625,TampaBay,2008,2012,55514.0,3785.0,0.12285212848455165,3010.0,830.0,24501.0,1092.0
33624,TampaBay,2008,2012,56881.0,2626.0,0.11417978208232446,4527.0,1018.0,39648.0,1219.0
33708,TampaBay,2008,2012,53019.0,3208.0,0.09720146719195762,1431.0,325.0,14722.0,516.0
33706,TampaBay,2008,2012,58342.0,6236.0,0.10373651051088516,1663.0,402.0,16031.0,65.0
33637,TampaBay,2008,2012,42587.0,2682.0,0.18174691317697786,2782.0,759.0,15307.0,1026.0
33626,TampaBay,2008,2012,96498.0,5539.0,0.06293415886439142,1667.0,694.0,26488.0,1378.0
33635,TampaBay,2008,2012,52663.0,4784.0,0.09999344305291456,1525.0,446.0,15251.0,855.0
33629,TampaBay,2008,2012,92405.0,6902.0,0.02477745415760758,604.0,175.0,24377.0,1185.0
33711,TampaBay,2008,2012,34979.0,3217.0,0.2723260346211166,4751.0,797.0,17446.0,1012.0
33709,TampaBay,2008,2012,33873.0,1735.0,0.16294540767535654,3919.0,648.0,24051.0,975.0
33707,TampaBay,2008,2012,41948.0,1726.0,0.12338980242720457,2979.0,538.0,24143.0,617.0
33714,TampaBay,2008,2012,33741.0,3006.0,0.21711366538952745,4080.0,869.0,18792.0,1437.0
33712,TampaBay,2008,2012,38283.0,1745.0,0.20860370103340542,5208.0,896.0,24966.0,1308.0
33634,TampaBay,2008,2012,46611.0,2496.0,0.1317111459968603,2517.0,628.0,19110.0,1183.0
33702,TampaBay,2008,2012,44952.0,3390.0,0.13549560472870567,4023.0,896.0,29691.0,1260.0
33710,TampaBay,2008,2012,49191.0,2333.0,0.09931453739027946,3202.0,612.0,32241.0,1069.0
33647,TampaBay,2008,2012,70489.0,2993.0,0.10949152542372881,6460.0,1318.0,59000.0,1667.0
33776,TampaBay,2008,2012,68763.0,5708.0,0.05960166468489893,802.0,352.0,13456.0,845.0
33782,TampaBay,2008,2012,48119.0,3078.0,0.1088356888760696,2264.0,605.0,20802.0,716.0
33772,TampaBay,2008,2012,45325.0,3285.0,0.08701025265470523,1901.0,456.0,21848.0,930.0
33778,TampaBay,2008,2012,44441.0,3481.0,0.10586699642759,1541.0,467.0,14556.0,744.0
33777,TampaBay,2008,2012,50523.0,4171.0,0.1047534165181224,1763.0,493.0,16830.0,739.0
33774,TampaBay,2008,2012,48762.0,4241.0,0.09530720851475569,1773.0,392.0,18603.0,1366.0
33770,TampaBay,2008,2012,39667.0,1935.0,0.12912252648410955,3230.0,644.0,25015.0,1064.0
33755,TampaBay,2008,2012,37121.0,2855.0,0.2885706124780675,7072.0,945.0,24507.0,1430.0
33771,TampaBay,2008,2012,38513.0,2656.0,0.13982793702923643,3917.0,614.0,28013.0,1122.0
33762,TampaBay,2008,2012,63202.0,12668.0,0.06174264281592614,321.0,136.0,5199.0,500.0
33763,TampaBay,2008,2012,37945.0,3575.0,0.1100475881462254,2035.0,611.0,18492.0,1110.0
33761,TampaBay,2008,2012,52516.0,4469.0,0.07128082736674622,1344.0,417.0,18855.0,888.0
33785,TampaBay,2008,2012,62829.0,14419.0,0.05763790664780764,326.0,149.0,5656.0,302.0
33781,TampaBay,2008,2012,42171.0,1885.0,0.13821421654077087,3568.0,624.0,25815.0,819.0
33716,TampaBay,2008,2012,44248.0,4760.0,0.12585669781931463,1818.0,536.0,14445.0,845.0
33786,TampaBay,2008,2012,78000.0,12419.0,0.057178371659415785,92.0,45.0,1609.0,135.0
33767,TampaBay,2008,2012,57337.0,7936.0,0.06177409061901723,484.0,174.0,7835.0,607.0
33773,TampaBay,2008,2012,48926.0,2920.0,0.11128691983122363,1899.0,428.0,17064.0,764.0
33756,TampaBay,2008,2012,38506.0,1537.0,0.17819212512379196,5218.0,893.0,29283.0,1313.0
33764,TampaBay,2008,2012,49735.0,3282.0,0.10009186404121899,2506.0,518.0,25037.0,913.0
33760,TampaBay,2008,2012,41751.0,2110.0,0.19717922256621948,2866.0,654.0,14535.0,902.0
33759,TampaBay,2008,2012,45469.0,4204.0,0.114,1824.0,518.0,16000.0,782.0
33765,TampaBay,2008,2012,40562.0,2754.0,0.1486564996368918,2047.0,623.0,13770.0,1052.0
37203,Nashville,2008,2012,24881.0,3283.0,0.39295445698715453,4038.0,513.0,10276.0,641.0
37201,Nashville,2008,2012,51832.0,5073.0,0.16666666666666666,125.0,83.0,750.0,142.0
37211,Nashville,2008,2012,42517.0,1608.0,0.23886118266016332,17434.0,1662.0,72988.0,1864.0
37206,Nashville,2008,2012,34915.0,3276.0,0.31113545978410845,7667.0,933.0,24642.0,1191.0
37204,Nashville,2008,2012,63019.0,3638.0,0.11242448121880746,1284.0,368.0,11421.0,708.0
37205,Nashville,2008,2012,84759.0,7113.0,0.06264831514000949,1452.0,448.0,23177.0,813.0
37208,Nashville,2008,2012,21415.0,1686.0,0.45615141955835964,6507.0,944.0,14265.0,1117.0
37217,Nashville,2008,2012,40755.0,2624.0,0.21210643633324044,6090.0,1053.0,28712.0,1489.0
37207,Nashville,2008,2012,32384.0,1797.0,0.29050756466569055,9524.0,1019.0,32784.0,1306.0
37210,Nashville,2008,2012,26385.0,2572.0,0.3801895153043834,5577.0,857.0,14669.0,1014.0
37213,Nashville,2008,2012,30568.0,58745.0,0.4722222222222222,68.0,103.0,144.0,124.0
37212,Nashville,2008,2012,50873.0,4781.0,0.21505701125122706,2848.0,630.0,13243.0,728.0
37228,Nashville,2008,2012,25362.0,12627.0,0.4450227716330514,684.0,302.0,1537.0,437.0
37220,Nashville,2008,2012,99767.0,14011.0,0.020762423417290673,122.0,69.0,5876.0,424.0
37218,Nashville,2008,2012,44989.0,3639.0,0.20526154787396758,2684.0,610.0,13076.0,740.0
37221,Nashville,2008,2012,68237.0,2752.0,0.056874184181784276,2135.0,492.0,37539.0,1241.0
37216,Nashville,2008,2012,45625.0,3033.0,0.16245908006436222,2928.0,629.0,18023.0,791.0
37209,Nashville,2008,2012,42121.0,1788.0,0.23698223020246426,7655.0,1001.0,32302.0,1390.0
37215,Nashville,2008,2012,97127.0,6699.0,0.060757651553049255,1336.0,406.0,21989.0,861.0
37219,Nashville,2008,2012,45167.0,10174.0,0.0686456400742115,74.0,42.0,1078.0,242.0
37214,Nashville,2008,2012,48585.0,1722.0,0.12147402089217053,3570.0,805.0,29389.0,1023.0
70114,NewOrleans,2008,2012,32260.0,2126.0,0.29859120321074617,7291.0,901.0,24418.0,1246.0
70112,NewOrleans,2008,2012,17300.0,7182.0,0.5286195286195287,1727.0,360.0,3267.0,461.0
70117,NewOrleans,2008,2012,25385.0,1435.0,0.3531782644587967,7273.0,920.0,20593.0,1101.0
70115,NewOrleans,2008,2012,50088.0,3151.0,0.20894901144640998,7028.0,913.0,33635.0,1260.0
70116,NewOrleans,2008,2012,34190.0,5810.0,0.28884873515746,3357.0,677.0,11622.0,814.0
70121,NewOrleans,2008,2012,40110.0,2924.0,0.15238823729389767,1793.0,377.0,11766.0,511.0
70119,NewOrleans,2008,2012,27826.0,2164.0,0.36113245827057266,11748.0,1113.0,32531.0,1358.0
70113,NewOrleans,2008,2012,17676.0,2228.0,0.45158513843064124,3148.0,594.0,6971.0,883.0
70122,NewOrleans,2008,2012,39161.0,3250.0,0.21689953426480374,6194.0,885.0,28557.0,1103.0
70118,NewOrleans,2008,2012,40843.0,2344.0,0.2711014541200067,8110.0,993.0,29915.0,1139.0
70124,NewOrleans,2008,2012,71944.0,7584.0,0.0656520969739869,1113.0,256.0,16953.0,683.0
70129,NewOrleans,2008,2012,30685.0,4461.0,0.377911600954437,3326.0,737.0,8801.0,761.0
70123,NewOrleans,2008,2012,57103.0,3333.0,0.09623969130665053,2544.0,582.0,26434.0,717.0
70126,NewOrleans,2008,2012,27984.0,2505.0,0.3335529101773867,7089.0,970.0,21253.0,1255.0
70128,NewOrleans,2008,2012,42075.0,3729.0,0.21026470235956402,3511.0,744.0,16698.0,1150.0
70139,NewOrleans,2008,2012,,,,0.0,12.0,0.0,12.0
70125,NewOrleans,2008,2012,41146.0,5738.0,0.29469548133595286,4200.0,618.0,14252.0,834.0
70130,NewOrleans,2008,2012,48884.0,3605.0,0.21297314276739437,2712.0,492.0,12734.0,768.0
70163,NewOrleans,2008,2012,,,,0.0,12.0,0.0,12.0
70127,NewOrleans,2008,2012,27034.0,2166.0,0.35631274417684583,7205.0,1247.0,20221.0,1434.0
70131,NewOrleans,2008,2012,49439.0,4193.0,0.17736105643631678,4956.0,1071.0,27943.0,1318.0
85704,Tucson,2007,2011,55904.0,2346.0,0.08531041576799284,2571.0,420.0,30137.0,1142.0
85710,Tucson,2007,2011,42423.0,1341.0,0.12457733993749201,6816.0,897.0,54713.0,1053.0
85708,Tucson,2007,2011,50482.0,4984.0,0.008880994671403197,30.0,38.0,3378.0,517.0
85707,Tucson,2007,2011,45481.0,46698.0,0.3939393939393939,39.0,53.0,99.0,143.0
85705,Tucson,2007,2011,25350.0,914.0,0.33711069140465877,18206.0,1606.0,54006.0,1907.0
85701,Tucson,2007,2011,29262.0,4059.0,0.29666385135135137,1405.0,308.0,4736.0,407.0
85706,Tucson,2007,2011,29883.0,2053.0,0.3410554561717352,19065.0,1879.0,55900.0,1951.0
85745,Tucson,2007,2011,49662.0,5518.0,0.21172178729296479,7951.0,958.0,37554.0,1421.0
85718,Tucson,2007,2011,75818.0,4708.0,0.07029674445404782,1952.0,361.0,27768.0,887.0
85726,Tucson,2007,2011,,,,0.0,101.0,0.0,101.0
85748,Tucson,2007,2011,66617.0,4492.0,0.06481138564097137,1225.0,443.0,18901.0,652.0
85735,Tucson,2007,2011,46606.0,6169.0,0.11393683437385237,1241.0,542.0,10892.0,1086.0
85739,Tucson,2007,2011,57044.0,3597.0,0.07070187471422039,1237.0,326.0,17496.0,801.0
85716,Tucson,2007,2011,32370.0,1614.0,0.24621303926320892,8127.0,1116.0,33008.0,1361.0
85755,Tucson,2007,2011,68892.0,10510.0,0.06052405781796581,917.0,437.0,15151.0,691.0
85730,Tucson,2007,2011,49648.0,2018.0,0.11945838026005938,4667.0,863.0,39068.0,1090.0
85743,Tucson,2007,2011,67434.0,3127.0,0.05688992090559466,1568.0,470.0,27562.0,1255.0
85714,Tucson,2007,2011,26683.0,3543.0,0.25664164019636154,3555.0,840.0,13852.0,1180.0
85742,Tucson,2007,2011,69879.0,4733.0,0.05140948670033001,1293.0,381.0,25151.0,1043.0
85737,Tucson,2007,2011,83314.0,4308.0,0.046644804463805,953.0,285.0,20431.0,669.0
85741,Tucson,2007,2011,55714.0,2596.0,0.11630438068748677,3847.0,1087.0,33077.0,993.0
85750,Tucson,2007,2011,80900.0,5127.0,0.04286182593017538,1046.0,287.0,24404.0,845.0
85724,Tucson,2007,2011,,,,0.0,101.0,0.0,101.0
85756,Tucson,2007,2011,47150.0,2892.0,0.1432407577708295,3894.0,802.0,27185.0,1348.0
85757,Tucson,2007,2011,49919.0,2561.0,0.22001788308930367,3937.0,797.0,17894.0,1204.0
85749,Tucson,2007,2011,82069.0,5966.0,0.05407636738906089,1048.0,402.0,19380.0,636.0
85715,Tucson,2007,2011,55321.0,5402.0,0.09612386430837051,1788.0,631.0,18601.0,939.0
85723,Tucson,2007,2011,,,,0.0,101.0,0.0,101.0
85713,Tucson,2007,2011,31992.0,1721.0,0.31994181758583956,15617.0,1829.0,48812.0,1771.0
85711,Tucson,2007,2011,36189.0,1900.0,0.24515232078831192,10051.0,1449.0,40999.0,1566.0
85712,Tucson,2007,2011,32641.0,2386.0,0.23997796286093917,7405.0,1191.0,30857.0,1461.0
85746,Tucson,2007,2011,45096.0,2049.0,0.20851754939998196,9244.0,1364.0,44332.0,1492.0
85747,Tucson,2007,2011,78212.0,4949.0,0.034405041166459684,748.0,311.0,21741.0,1117.0
85719,Tucson,2007,2011,29298.0,2661.0,0.35008246601831317,12311.0,1301.0,35166.0,1670.0
