project_id,project,city,geometry,cost_millions,pre_years,post_years,baseline_reviewed_businesses,near_pre_reviews,near_post_reviews,comparison_pre_reviews,comparison_post_reviews,eligible,exclusion_reason,ce_reviews_per_million
lafitte,Lafitte,New Orleans,mapped_footprint,9.1,"2012,2013","2016,2017",243,3554,8750,33606,71785,True,,127.29480541478402
sun-link,Sun Link,Tucson,mapped_footprint,196.5,"2010,2011","2015,2016",278,3807,10943,9957,34394,True,,-11.233294003911482
dilworth-park,Dilworth Park,Philadelphia,mapped_footprint,55.0,"2010,2011","2015,2016",859,17260,36648,41679,80527,True,,60.0066621734512
water-works-park,Water Works Park,Tampa,mapped_footprint,7.4,"2011,2012","2015,2016",7,49,1198,12434,54761,False,Insufficient baseline support: at least 20 nearby reviewed businesses and positive near/comparison baseline counts required,
riverfront-ascend,Riverfront / Ascend,Nashville,mapped_footprint,52.0,"2011,2012","2016,2017",123,2441,13276,19007,53069,True,,124.24117329243072
tampa-riverwalk,Tampa Riverwalk,Tampa,center_proxy,32.0,"2012,2013","2016,2017",98,1510,4633,17448,51531,True,,5.417479797111412
schuylkill-boardwalk,Schuylkill Boardwalk,Philadelphia,center_proxy,18.0,"2011,2012","2015,2016",81,1512,1750,74818,124511,True,,-42.569325266350056
the-rail-park,The Rail Park,Philadelphia,mapped_footprint,10.3,"2015,2016","2019,2020",231,8805,7922,86454,67729,True,,99.4240418778178
crescent-park,Crescent Park,New Orleans,center_proxy,31.2,"2011,2012","2016,2017",28,606,1473,44929,126014,True,,-7.265071642951182
indianapolis-cultural-trail,Indianapolis Cultural Trail,Indianapolis,center_proxy,63.0,"2010,2011","2014,2015",176,2199,7331,2680,10490,True,,-20.25841032930585
gateway-arch-park,Gateway Arch Park,Saint Louis,center_proxy,380.0,"2012,2013","2019,2020",34,716,735,16294,23814,True,,-0.8196000465137313
