project,band,period,reviews,mean_sentiment,place_discussion_share,access_friction_share,public_realm_complaint_share
Lafitte,near,early,1972,0.7498943711967542,0.1627789046653144,0.015720081135902637,0.02231237322515213
Lafitte,near,pre,3554,0.7223337929093989,0.14997186268992685,0.010410804727068092,0.015756893640967922
Lafitte,near,post,8750,0.7257358171428557,0.09028571428571429,0.006171428571428572,0.009485714285714287
Lafitte,far,early,19658,0.7341334113338122,0.09258317224539628,0.007020042730694883,0.009309187099399735
Lafitte,far,pre,33606,0.7102724275427085,0.08706778551449146,0.007201095042551925,0.008450871868118789
Lafitte,far,post,71785,0.6861589371038543,0.06199066657379675,0.004555269206658772,0.005544333774465417
Sun Link,near,early,1266,0.7332586887835707,0.05529225908372828,0.005529225908372828,0.008688783570300158
Sun Link,near,pre,3807,0.7575088258471239,0.050696086157079066,0.006566850538481744,0.005253480430785396
Sun Link,near,post,10943,0.6962619300009152,0.04167047427579274,0.005574339760577538,0.0037466873800603125
Sun Link,far,early,2483,0.6637339508658892,0.055980668546113575,0.004027386226339106,0.008457511075312122
Sun Link,far,pre,9957,0.7182237320478047,0.045897358642161296,0.0028120919955809984,0.006628502561012353
Sun Link,far,post,34394,0.6118227859510412,0.030237832180031402,0.002151538058963773,0.0044193754724661275
Dilworth Park,near,early,7667,0.735306991000391,0.053345506717099256,0.0035215860179992173,0.004434589800443459
Dilworth Park,near,pre,17260,0.7300072653534175,0.047508690614136734,0.004055619930475087,0.004692931633835458
Dilworth Park,near,post,36648,0.6946054518664114,0.03765553372626064,0.003410827330277232,0.0033835407116350144
Dilworth Park,far,early,19157,0.7266910841989892,0.09996345983191522,0.007882236258286789,0.012110455708096258
Dilworth Park,far,pre,41679,0.7158968401353308,0.0956836776314211,0.005398402072986396,0.011060726025096572
Dilworth Park,far,post,80527,0.6576916487637654,0.0763719001080383,0.0046940777627379636,0.007935226694152272
Water Works Park,near,early,23,0.6822608695652176,0.13043478260869565,0.0,0.08695652173913043
Water Works Park,near,pre,49,0.7273897959183673,0.04081632653061224,0.0,0.02040816326530612
Water Works Park,near,post,1198,0.7710335559265452,0.15025041736227046,0.005843071786310518,0.01335559265442404
Water Works Park,far,early,3429,0.7369486439195089,0.07553222513852435,0.005249343832020997,0.01079031787693205
Water Works Park,far,pre,12434,0.7273251085732698,0.0768055332153772,0.006192697442496381,0.010374778832234196
Water Works Park,far,post,54761,0.6693529099176468,0.059147933748470626,0.004857471558225745,0.0073775131936962435
Riverfront / Ascend,near,early,926,0.7528904967602603,0.056155507559395246,0.008639308855291577,0.01079913606911447
Riverfront / Ascend,near,pre,2441,0.7248070462924998,0.05366653011061041,0.007374027038099139,0.006964358869315854
Riverfront / Ascend,near,post,13276,0.705292799035854,0.034799638445314855,0.0035402229587225068,0.0032389273877673997
Riverfront / Ascend,far,early,6475,0.7712905637065611,0.09575289575289575,0.008494208494208495,0.012355212355212355
Riverfront / Ascend,far,pre,19007,0.7583463250381443,0.08381122744252117,0.006418687851844057,0.00878623664965539
Riverfront / Ascend,far,post,53069,0.6740878007876644,0.057359286966025366,0.00452241421545535,0.00599219883547834
Tampa Riverwalk,near,early,475,0.7302218947368422,0.12210526315789473,0.008421052631578947,0.018947368421052633
Tampa Riverwalk,near,pre,1510,0.7400974172185427,0.1152317880794702,0.011920529801324504,0.00728476821192053
Tampa Riverwalk,near,post,4633,0.6894886250809417,0.08353118929419383,0.011655514785236349,0.009281243254910426
Tampa Riverwalk,far,early,6126,0.7401166993143977,0.07835455435847209,0.006692784851452824,0.01028403525954946
Tampa Riverwalk,far,pre,17448,0.720712058688676,0.07284502521779,0.004814305364511692,0.009800550206327373
Tampa Riverwalk,far,post,51531,0.665820003493054,0.053501775630203176,0.003706506762919408,0.0067338107158797615
Schuylkill Boardwalk,near,early,990,0.7503823232323232,0.1696969696969697,0.006060606060606061,0.020202020202020204
Schuylkill Boardwalk,near,pre,1512,0.6885533730158734,0.1349206349206349,0.007936507936507936,0.01455026455026455
Schuylkill Boardwalk,near,post,1750,0.7023501142857128,0.132,0.0034285714285714284,0.011428571428571429
Schuylkill Boardwalk,far,early,43291,0.7374836363216475,0.0885172437689127,0.00605206624933589,0.009978979464553834
Schuylkill Boardwalk,far,pre,74818,0.7205422692400281,0.08253361490550402,0.0053864043412013155,0.009075356197706434
Schuylkill Boardwalk,far,post,124511,0.6739627848141894,0.06501433608275574,0.004626097292608686,0.006569700669017195
The Rail Park,near,early,6079,0.7172710478697155,0.051653232439545976,0.006909031090639908,0.006580029610133245
The Rail Park,near,pre,8805,0.6940856218057925,0.04020442930153322,0.004202157864849517,0.0035207268597387846
The Rail Park,near,post,7922,0.6876530926533696,0.03900530169149205,0.005806614491290078,0.004418076243372886
The Rail Park,far,early,73835,0.6955103663574281,0.08510868829146069,0.00522787295997833,0.008965937563486152
The Rail Park,far,pre,86454,0.6585251208735275,0.07560089758715617,0.004719272676799223,0.00806209082286534
The Rail Park,far,post,67729,0.6411205761195442,0.07010291012712427,0.004222711098643122,0.006865596716325356
Crescent Park,near,early,154,0.8187279220779219,0.21428571428571427,0.0,0.032467532467532464
Crescent Park,near,pre,606,0.796630528052805,0.16501650165016502,0.0033003300330033004,0.028052805280528052
Crescent Park,near,post,1473,0.7622103190767135,0.11065852002715547,0.002036659877800407,0.013577732518669382
Crescent Park,far,early,16935,0.7308107115441367,0.08030705639208739,0.0072040153528196045,0.009093593150280485
Crescent Park,far,pre,44929,0.7206993745687659,0.07974804691847137,0.007122348594449019,0.008279730241046985
Crescent Park,far,post,126014,0.6932387702953788,0.05381941689018681,0.004380465662545432,0.0053406764327773104
Indianapolis Cultural Trail,near,early,674,0.7884818991097936,0.05637982195845697,0.008902077151335312,0.008902077151335312
Indianapolis Cultural Trail,near,pre,2199,0.7474266484765797,0.06366530241018645,0.009549795361527967,0.0036380172805820826
Indianapolis Cultural Trail,near,post,7331,0.7132311962897273,0.050197790205974625,0.005865502659937253,0.0030009548492702224
Indianapolis Cultural Trail,far,early,564,0.7602264184397161,0.10638297872340426,0.005319148936170213,0.024822695035460994
Indianapolis Cultural Trail,far,pre,2680,0.7741510447761172,0.11716417910447761,0.008208955223880597,0.016417910447761194
Indianapolis Cultural Trail,far,post,10490,0.7410502383222082,0.09542421353670162,0.005052430886558627,0.00886558627264061
Gateway Arch Park,near,early,489,0.6962051124744375,0.20449897750511248,0.018404907975460124,0.026584867075664622
Gateway Arch Park,near,pre,716,0.6698030726256988,0.15363128491620112,0.027932960893854747,0.027932960893854747
Gateway Arch Park,near,post,735,0.5169208163265312,0.14285714285714285,0.00816326530612245,0.02040816326530612
Gateway Arch Park,far,early,12595,0.7930132433505336,0.1129813418023025,0.0054783644303294955,0.011194918618499404
Gateway Arch Park,far,pre,16294,0.7633059101509738,0.10052780164477722,0.006014483859089236,0.01037191604271511
Gateway Arch Park,far,post,23814,0.7085723733938059,0.062106324011085914,0.003485344755186025,0.005500965818426136
