city,zip,area_km2,yelp_listings,reviews_2012_2014,reviews_2019_2021,annual_reviews_per_km2,review_growth_pct,sentiment_change,sentiment_change_vs_metro,access_mentions_pct,median_household_income,income_margin_of_error,poverty_pct,acs_end_year
Philadelphia,19128,18.341755015109577,387,3288,4661,84.70654336985675,41.75790754257906,-0.08500148887126235,-0.013830171789155465,5.02038189229779,61216.0,3161.0,11.364101364978223,2011.0
Philadelphia,19124,13.426819846953105,182,567,974,24.180458989351973,71.78130511463846,-0.23437657145754343,-0.16366408645880282,2.566735112936345,28988.0,1613.0,32.39642874013888,2011.0
Philadelphia,19133,3.307409240641484,41,97,232,23.381845942455627,,,,1.293103448275862,14586.0,1405.0,54.02635431918009,2011.0
Philadelphia,19125,3.9598710168064666,429,6332,7285,613.2354622226361,15.050536955148441,-0.07723021986783907,-0.005056531498535799,3.3768016472203155,39319.0,3961.0,23.151805869074494,2011.0
Philadelphia,19116,13.449738286653538,185,1049,1422,35.24232144132948,35.5576739752145,-0.07890100189182925,-0.007273293453930574,2.0393811533052038,56014.0,4589.0,10.851920693928129,2011.0
Philadelphia,19136,14.613924447095085,187,921,1223,27.895769417892502,32.79044516829532,-0.05306683179699978,0.018661343280404585,2.9435813573180702,42492.0,2878.0,17.032707521549177,2011.0
Philadelphia,19114,15.06282801406019,234,1165,2434,53.863280691780155,108.92703862660946,-0.05690537993588679,0.0139381906150145,3.410024650780608,53070.0,3024.0,7.492388336105966,2011.0
Philadelphia,19118,8.46468804427776,203,1924,1724,67.88988131170986,-10.395010395010395,-0.1277522973937706,-0.05631632790493846,3.480278422273782,80950.0,11008.0,5.846325167037862,2011.0
Philadelphia,19134,9.700435733735551,253,1012,1702,58.48534528818102,68.18181818181819,0.017277155218459517,0.08948465250499571,3.290246768507638,24048.0,1889.0,48.97383142609375,2011.0
Philadelphia,19119,8.752026875444319,148,1387,1338,50.95962413590711,-3.53280461427542,-0.031228544416819437,0.04094818657524468,3.7369207772795217,56815.0,5542.0,12.332378223495702,2011.0
Philadelphia,19120,8.420009674147854,161,615,902,35.70858921811104,46.66666666666666,-0.21522382852919436,-0.14400317429302673,2.2172949002217295,34129.0,1655.0,28.44335778321108,2011.0
Philadelphia,19112,8.178891573998918,20,125,129,5.2574361221145205,3.200000000000003,-0.35357921860465114,-0.28184390429393646,6.976744186046512,,,,2011.0
Philadelphia,19108,0.01717127089406837,2,32,17,,,,,,,,,
Philadelphia,19121,6.5481839974070635,114,528,864,43.98165966534258,63.63636363636365,0.05991041666666669,0.13188082945542395,3.125,14984.0,1926.0,53.444166368728396,2011.0
Philadelphia,19106,3.7924708155262548,851,18653,14656,1288.1663619751362,-21.428188495148238,-0.04170493856851176,0.03168645247779256,3.425218340611354,93222.0,10080.0,7.116982740251439,2011.0
Philadelphia,19123,3.533805816364162,570,11177,9288,876.1092603513204,-16.900778384181802,-0.044060414535409764,0.029002101476083175,4.263565891472868,45044.0,3862.0,20.78676405878729,2011.0
Philadelphia,19111,12.514249188666504,204,682,1180,31.43083755192877,73.02052785923753,-0.1190230943386848,-0.04783280727395739,2.3728813559322033,45855.0,2349.0,14.474410100405088,2011.0
Philadelphia,19107,1.3840045545504154,1353,36191,35094,8452.284323442864,-3.0311403387582536,-0.06168503579936779,0.012712269698100798,2.464808799224939,42194.0,5453.0,24.650984891948745,2011.0
Philadelphia,19109,0.008863929449905212,5,16,15,,,,,,,,,2011.0
Philadelphia,19104,8.232966397157051,777,12987,9421,381.4340034738549,-27.45822745822746,-0.09262151561308762,-0.021306431010055027,3.407281604925167,21801.0,2153.0,48.141010817338575,2011.0
Philadelphia,19127,1.7921282229254294,289,4660,4103,763.1522394274439,-11.95278969957082,-0.060428010630764195,0.011686462718160762,3.558371922983183,55500.0,7394.0,16.153005464480874,2011.0
Philadelphia,19130,3.4165033528275015,434,8604,7703,751.5481185000632,-10.47187354718735,-0.05492609653462677,0.017610175634598213,4.154225626379333,59510.0,4691.0,18.632630410654826,2011.0
Philadelphia,19139,4.557286323246798,111,599,890,65.0972191835665,48.58096828046745,-0.10362232822494422,-0.03196372802872449,3.033707865168539,26487.0,1810.0,33.783528968085605,2011.0
Philadelphia,19115,13.486075320342417,198,1078,1538,38.01451901231483,42.671614100185536,-0.1369456684222335,-0.06591777851134556,3.1859557867360206,47547.0,5720.0,12.132856717307119,2011.0
Philadelphia,19103,1.7191462217377171,1362,30542,24027,4658.707850868254,-21.33128151398075,-0.04601894911367477,0.028562016812606505,2.3182253298372664,55398.0,5992.0,13.548000737055462,2011.0
Philadelphia,19131,14.16201105885685,179,1138,1812,42.64931000899491,59.22671353251319,-0.08215181071707078,-0.011256065496725753,6.512141280353201,30912.0,2647.0,30.160320641282567,2011.0
Philadelphia,19129,5.579311139491967,126,1468,1493,89.19858638892516,1.7029972752043543,-0.022738229083588912,0.04954527890762661,6.8988613529805765,52442.0,11001.0,17.72790191813328,2011.0
Philadelphia,19137,8.29842743846953,60,192,355,14.25972983565154,84.89583333333333,0.058015265551643214,0.12980611663523506,4.225352112676056,42184.0,3999.0,16.60259490629505,2011.0
Philadelphia,19102,0.47512243745903704,600,11848,9480,6650.917218095896,-19.986495611073597,-0.0508302495605375,0.022076385088199424,2.1940928270042193,65703.0,14937.0,18.906605922551254,2011.0
Philadelphia,19138,4.562453104193246,55,293,378,27.616722215554677,29.01023890784984,-0.34637683243946044,-0.27499087770615954,2.1164021164021163,34350.0,2844.0,22.088047922411334,2011.0
Philadelphia,19132,5.626888826912528,53,158,483,28.6126143509291,205.69620253164555,-0.27228134549361843,-0.20088966169893469,3.1055900621118013,21177.0,1377.0,41.545428814039056,2011.0
Philadelphia,19122,3.346908706350112,218,1210,3343,332.9440481059735,176.28099173553719,-0.015266381633758042,0.05767878318649755,4.008375710439725,20697.0,2044.0,41.91962117532783,2011.0
Philadelphia,19126,3.0824918165651556,29,397,373,40.33533281910832,-6.045340050377835,-0.0276483228773442,0.04434210907598479,3.485254691689008,40681.0,2453.0,15.259053261592406,2011.0
Philadelphia,19135,6.66863938104576,168,829,1263,63.13131899088833,52.35223160434259,-0.019527711415273874,0.05221916275080318,3.4045922406967537,36480.0,1940.0,20.645683005722816,2011.0
Philadelphia,19140,8.14821036891695,97,489,954,39.02697471006363,95.0920245398773,-0.1288183180923717,-0.057618851909781166,3.5639412997903563,22755.0,1883.0,40.284894073185804,2011.0
Philadelphia,19113,1.7269922954520125,11,76,113,21.810558602873222,,,,29.20353982300885,96389.0,95564.0,0.0,2011.0
Philadelphia,19152,7.516530043950874,148,759,1220,54.102978939589605,60.73781291172595,-0.1888452882351671,-0.11794389783507908,2.7868852459016393,45619.0,2868.0,11.282404077675976,2011.0
Philadelphia,19154,16.594604243003715,148,634,1403,28.181851149829917,121.29337539432177,0.053037999240024225,0.12435746337765002,4.13399857448325,59164.0,2598.0,8.31660368445914,2011.0
Philadelphia,19149,6.187372104445599,255,1234,2258,121.64561205651088,82.98217179902755,-0.12978591523314192,-0.0591527566196956,4.9601417183348095,41482.0,2903.0,17.85455599014921,2011.0
Philadelphia,19145,13.372858736163307,347,3163,3416,85.14758804618555,7.998735377805888,-0.10990759724744759,-0.03871544228793089,4.947306791569087,35988.0,2975.0,21.464233544814356,2011.0
Philadelphia,19150,3.881319723751968,72,192,585,50.240643358156206,204.6875,-0.158841469017094,-0.08769333745690716,1.7094017094017093,46622.0,2723.0,11.446441849276123,2011.0
Philadelphia,19144,9.291466415507598,170,629,1114,39.9649868737159,77.10651828298887,-0.13890172097855602,-0.06762560874678991,6.283662477558348,29849.0,1692.0,28.24698865629751,2011.0
Philadelphia,19146,4.646206347198984,452,7892,6155,441.5788954150812,-22.009630005068427,-0.03804254895599113,0.034713650378194405,2.388302193338749,33605.0,3035.0,29.644751743458308,2011.0
Philadelphia,19148,12.35321411458718,659,7190,7824,211.11914484833278,8.817802503477058,-0.03773144857234678,0.03535930062646708,4.115541922290388,36561.0,1827.0,21.79724449928028,2011.0
Philadelphia,19143,8.241330282610992,212,2234,2184,88.33525353741281,-2.2381378692927445,-0.11682221159175066,-0.04538364578172871,2.60989010989011,31724.0,2209.0,29.59697732997481,2011.0
Philadelphia,19151,6.258818481515945,97,367,562,29.931101834408757,53.13351498637602,-0.23832353554355312,-0.1670570280216177,2.3131672597864767,37787.0,2689.0,23.883194739895572,2011.0
Philadelphia,19142,4.5291678754184845,61,131,378,27.819679787947337,188.5496183206107,-0.00470626034977184,0.0670310910495624,2.9100529100529102,30581.0,1811.0,34.67976710334789,2011.0
Philadelphia,19153,32.37222734446283,236,3519,3454,35.5654654553841,-1.8471156578573455,-0.11021203359938847,-0.03933173114756561,7.7301679212507235,51212.0,7234.0,11.249901177958732,2011.0
Philadelphia,19147,3.4867999712309437,1255,28462,20294,1940.0787892855635,-28.6979130068161,-0.01997371756325994,0.057327388344921015,3.350744062284419,51753.0,2670.0,16.173713179701206,2011.0
Philadelphia,19141,4.50089942783151,57,107,352,26.068863615969175,228.97196261682242,-0.08250201253186068,-0.010968911621535515,3.125,31557.0,3671.0,28.98782630522088,2011.0
TampaBay,33618,25.371126628113828,598,3862,9969,130.97565782978566,158.13050233039877,-0.0929364244928309,-0.013496051393909636,2.19681011134517,59696.0,5085.0,8.918530679253028,2012.0
TampaBay,33610,48.923102879163814,223,1125,2833,19.302400660599183,151.82222222222222,-0.22368483664744876,-0.14515038286116322,5.7183198023296855,29567.0,1831.0,31.830902931212258,2012.0
TampaBay,33602,7.701642889709621,650,5320,17529,758.6692974049724,229.49248120300751,-0.04732607273896716,0.0349056081655823,6.6347196075075585,65148.0,5151.0,17.77204836415363,2012.0
TampaBay,33614,26.32653609245964,438,2038,5273,66.76406878951659,158.73405299313052,-0.17409729757218573,-0.09589323276257611,3.1670775649535368,35008.0,2021.0,23.19782734212946,2012.0
TampaBay,33616,12.291856053559524,35,56,159,4.3117979716864685,,,,8.176100628930818,46188.0,5190.0,20.02535799522673,2012.0
TampaBay,33613,20.856457133023806,280,1254,3442,55.01094102490986,174.481658692185,-0.14458821556029422,-0.06543979124834343,3.718768158047647,26991.0,1903.0,36.986256651323735,2012.0
TampaBay,33615,24.794983349955217,321,1153,3356,45.11665327126292,191.06678230702516,-0.09103650274404651,-0.01135417105371872,3.4564958283671037,46827.0,2265.0,15.232473625090853,2012.0
TampaBay,33612,27.056806882943484,581,3397,8853,109.06682421052058,160.61230497497792,-0.11093263424272448,-0.03203175373389766,3.9195752852140515,28632.0,1654.0,33.28234658988663,2012.0
TampaBay,33606,10.665192763441073,510,6635,14553,454.84409964240047,119.33685003767897,-0.04403720222075269,0.03705463926258168,6.067477496048925,61629.0,6316.0,13.593109675626867,2012.0
TampaBay,33604,20.615978948315338,315,2462,5904,95.45993449711094,139.8050365556458,-0.07880961329003022,0.0010072886925138747,7.079945799457994,33881.0,2807.0,26.456910525896205,2012.0
TampaBay,33619,79.03914000632459,380,1341,5147,21.706545219613748,283.8180462341536,-0.13124757376965107,-0.052924158867570015,3.1280357489799884,33471.0,2405.0,26.707834812813587,2012.0
TampaBay,33620,2.287910469659026,9,35,29,,,,,,,,,2012.0
TampaBay,33611,18.3592547439809,413,2591,6681,121.30122006886603,157.85411038209185,-0.10552453319727695,-0.026213143812022777,4.295764107169585,52970.0,2193.0,12.684198215658101,2012.0
TampaBay,33609,11.437006264170707,643,5531,12268,357.5527755147076,121.8043753389984,-0.04834957211117674,0.03288665577325389,5.404303880013042,61114.0,7416.0,7.494036190143713,2012.0
TampaBay,33617,23.83904137892041,337,1713,4022,56.23827927293027,134.79276123759485,-0.09608564059378022,-0.016379275486612443,3.0333167578319244,37354.0,1987.0,21.623542792152403,2012.0
TampaBay,33607,25.795070230007134,796,8690,17411,224.99131093333185,100.3567318757192,-0.11887944633298297,-0.04056199516276726,5.123197978289587,31520.0,3452.0,29.302673707846484,2012.0
TampaBay,33621,25.372917169878665,10,9,31,,,,,,59375.0,15681.0,13.760896637608965,2012.0
TampaBay,33603,10.913779118646888,191,990,3151,96.23919651615194,218.2828282828283,-0.06595172082616074,0.014226804389133263,5.3316407489685815,33213.0,2918.0,26.953918528814285,2012.0
TampaBay,33605,23.983693195396288,336,4291,7737,107.53139556067384,80.30762060125845,-0.0676003733855125,0.012187509421201947,4.05842057645082,26537.0,1350.0,39.6788285239648,2012.0
TampaBay,33715,33.63301687748989,53,358,1096,10.862342045142132,206.14525139664806,0.03912482261550376,0.11943263835858997,4.744525547445256,68898.0,6188.0,9.89247311827957,2012.0
TampaBay,33713,17.238846468614557,360,1864,5391,104.24131355144091,189.2167381974249,-0.10944782038176792,-0.030087595148931334,3.617139677239844,46631.0,2610.0,14.836436839456468,2012.0
TampaBay,33704,11.737479374824318,222,1802,3253,92.38212896536511,80.52164261931188,-0.09308343141292275,-0.013513916813782889,4.365201352597603,58944.0,5867.0,10.151768642447419,2012.0
TampaBay,33701,10.23287342110234,667,7436,18298,596.0528467747117,146.07315761161917,-0.02838704694017069,0.054696767190551276,5.02787189856815,31460.0,4861.0,24.583364753789308,2012.0
TampaBay,33703,18.000431661624813,154,1060,2165,40.09163114711246,104.24528301886791,-0.09060190291515968,-0.01077195167927636,3.8337182448036953,58074.0,4210.0,8.952373043225512,2012.0
TampaBay,33705,19.28895864238662,203,1491,5668,97.94895454758289,280.14755197853793,-0.05292961698679499,0.027894641204055937,5.204657727593507,34317.0,3422.0,26.86448746429705,2012.0
TampaBay,33625,24.445773017287244,264,1061,2598,35.4253473345921,144.86333647502354,-0.11045476267178617,-0.03080349704945412,2.5789068514241724,55514.0,3785.0,12.285212848455165,2012.0
TampaBay,33624,24.96867382862812,193,697,1890,25.23161639757039,171.16212338593974,-0.07709319859108965,0.0027830765858315454,2.328042328042328,56881.0,2626.0,11.417978208232446,2012.0
TampaBay,33708,20.54422722486961,296,2448,8227,133.48437511505077,236.07026143790847,-0.014965867334839622,0.06674728061124846,4.30290506867631,53019.0,3208.0,9.720146719195762,2012.0
TampaBay,33706,25.016901897032064,455,5880,15456,205.94076841350284,162.85714285714286,-0.04239272367642721,0.03953383935197341,5.551242236024844,58342.0,6236.0,10.373651051088515,2012.0
TampaBay,33637,21.561088016419117,78,225,709,10.961104242669094,215.11111111111111,-0.19626267920388646,-0.11667555978017491,4.795486600846262,42587.0,2682.0,18.174691317697786,2012.0
TampaBay,33626,34.14146217433594,315,2020,4195,40.95704297001249,107.67326732673266,-0.09293370950801882,-0.013299627395750635,2.836710369487485,96498.0,5539.0,6.293415886439142,2012.0
TampaBay,33635,19.70656046565892,123,521,1698,28.721399707793953,225.9117082533589,-0.09060073700797366,-0.010793283027367262,3.9458186101295643,52663.0,4784.0,9.999344305291457,2012.0
TampaBay,33629,13.531346108743842,498,4917,8069,198.77303004825416,64.10412853365874,-0.07167075163162706,0.007344802282918894,4.102119221712727,92405.0,6902.0,2.477745415760758,2012.0
TampaBay,33711,14.95990279413281,140,604,1254,27.94135802566426,107.61589403973511,-0.10839424517042162,-0.028539159392887425,2.6315789473684212,34979.0,3217.0,27.23260346211166,2012.0
TampaBay,33709,14.440936529774165,211,1014,2455,56.66760820159431,142.11045364891518,-0.11333938944391564,-0.03371949457828005,2.566191446028513,33873.0,1735.0,16.294540767535654,2012.0
TampaBay,33707,23.749369300141755,272,1490,3726,52.29612560669503,150.06711409395973,-0.02818335502022795,0.052327888416851875,3.6768652710681695,41948.0,1726.0,12.338980242720456,2012.0
TampaBay,33714,9.618546082702672,123,551,1226,42.48736380247578,122.50453720508165,-0.06628066898979468,0.013704607012860803,3.2626427406199023,33741.0,3006.0,21.711366538952745,2012.0
TampaBay,33712,19.850764703104282,163,661,2855,47.94105823630281,331.92133131618755,-0.03230874109439863,0.04841774295156254,5.148861646234676,38283.0,1745.0,20.860370103340543,2012.0
TampaBay,33634,23.39018282936577,291,1428,3424,48.7954002608487,139.77591036414566,-0.12378690975221857,-0.0443275568024038,4.293224299065421,46611.0,2496.0,13.171114599686028,2012.0
TampaBay,33702,34.02043727532371,271,1373,3731,36.556457420044524,171.74071376547704,-0.11360447667551032,-0.034154858749792405,3.88635754489413,44952.0,3390.0,13.549560472870567,2012.0
TampaBay,33710,24.263361030113124,402,1448,4288,58.90912357770201,196.13259668508286,-0.08584242921270702,-0.0061909758529505865,3.031716417910448,49191.0,2333.0,9.931453739027946,2012.0
TampaBay,33647,87.71716639232343,414,2083,5885,22.363543504049417,182.52520403264523,-0.05736989499900269,0.022867299178913947,2.3279524214103655,70489.0,2993.0,10.94915254237288,2012.0
TampaBay,33776,10.097193240993061,50,118,489,16.143099979333357,314.40677966101697,-0.017789854771065094,0.062142114201062415,1.4314928425357873,68763.0,5708.0,5.960166468489893,2012.0
TampaBay,33782,15.063053332804232,103,312,1035,22.903722929046594,231.73076923076925,-0.2300929412857674,-0.15069536265065098,3.57487922705314,48119.0,3078.0,10.88356888760696,2012.0
TampaBay,33772,15.992909713904297,226,460,3038,63.31972635262552,560.4347826086956,-0.04382810344334076,0.0358759022866777,2.5345622119815667,45325.0,3285.0,8.701025265470523,2012.0
TampaBay,33778,10.26681191530298,127,254,1576,51.16810726320104,520.4724409448819,-0.01972456632958952,0.0603471969521262,2.8553299492385786,44441.0,3481.0,10.586699642759,2012.0
TampaBay,33777,16.600685296555408,93,337,764,15.340732151552155,126.70623145400594,-0.17263045038606745,-0.09297512539155012,2.356020942408377,50523.0,4171.0,10.47534165181224,2012.0
TampaBay,33774,12.75747146435219,147,386,1476,38.56563593928315,282.38341968911914,0.0005987899658790319,0.08075659256162593,2.5745257452574526,48762.0,4241.0,9.530720851475568,2012.0
TampaBay,33770,14.817176248383701,268,1050,2695,60.62783611899913,156.66666666666669,-0.13499758441558452,-0.055609675422002236,3.3766233766233764,39667.0,1935.0,12.912252648410954,2012.0
TampaBay,33755,16.327801062898722,239,893,2436,49.73113016700629,172.78835386338187,-0.006642779821895206,0.0738188533203038,3.7766830870279144,37121.0,2855.0,28.857061247806747,2012.0
TampaBay,33771,16.215568419117027,359,1314,4172,85.76120372241577,217.50380517503805,-0.128966637443798,-0.04998498622254699,2.3729626078619366,38513.0,2656.0,13.982793702923644,2012.0
TampaBay,33762,22.010729601857033,198,1045,2599,39.359591844708376,148.70813397129186,-0.14097099524844858,-0.06160193553823634,3.963062716429396,63202.0,12668.0,6.174264281592614,2012.0
TampaBay,33763,9.225318286894762,111,426,1168,42.20269927016066,174.17840375586854,-0.2669372391311338,-0.18775641241143365,2.1404109589041096,37945.0,3575.0,11.004758814622539,2012.0
TampaBay,33761,13.414466291222398,358,2307,4066,101.03520363088765,76.24620719549198,-0.16364267177185454,-0.08487132068945968,2.041318248893261,52516.0,4469.0,7.128082736674622,2012.0
TampaBay,33785,8.411104947038774,114,1804,5157,204.37267289182898,185.86474501108648,-0.003261062407585835,0.07800126112757877,5.0804731433003685,62829.0,14419.0,5.763790664780764,2012.0
TampaBay,33781,17.504272041078487,416,2382,5305,101.02295766333287,122.7120067170445,-0.12814578140641675,-0.04903555271143689,3.6380772855796417,42171.0,1885.0,13.821421654077087,2012.0
TampaBay,33716,21.092736674382934,156,1014,1862,29.425611111926717,83.62919132149902,-0.14664920924458225,-0.06702391556190013,2.7389903329752956,44248.0,4760.0,12.585669781931463,2012.0
TampaBay,33786,5.511689873231193,3,12,11,,,,,,78000.0,12419.0,5.717837165941578,2012.0
TampaBay,33767,20.5409590522697,340,4088,14634,237.47674037941277,257.9745596868884,-0.021486137134202332,0.06153736019596634,5.036217028836955,57337.0,7936.0,6.177409061901723,2012.0
TampaBay,33773,14.689950791746476,140,370,991,22.48702790202201,167.83783783783784,-0.23451587667384838,-0.15513551340519288,2.320887991927346,48926.0,2920.0,11.128691983122362,2012.0
TampaBay,33756,22.110917479446016,244,1106,3009,45.362206291637335,172.0614828209765,-0.09799757944370624,-0.018248478622418962,3.1239614489863743,38506.0,1537.0,17.819212512379195,2012.0
TampaBay,33764,18.34147670481954,224,655,2586,46.99730637138364,294.8091603053435,-0.042794198000980166,0.0370750516272087,2.1268368136117557,49735.0,3282.0,10.009186404121898,2012.0
TampaBay,33760,15.243743402558067,100,501,946,20.686082480266425,88.82235528942115,-0.272753055411376,-0.1934668184804223,3.06553911205074,41751.0,2110.0,19.717922256621947,2012.0
TampaBay,33759,19.254292676588413,246,1799,3340,57.82260361540324,85.65869927737633,-0.07338099000442688,0.006745766358446037,2.6646706586826348,45469.0,4204.0,11.4,2012.0
TampaBay,33765,11.014375588207882,361,1602,4508,136.4277670243458,181.39825218476906,-0.10891629889213461,-0.02951857936070057,2.6619343389529724,40562.0,2754.0,14.86564996368918,2012.0
Nashville,37203,10.897977966918143,1179,17263,38064,1164.2526749930712,120.49469964664313,-0.0625908524623584,0.009593091068589521,5.10718789407314,24881.0,3283.0,39.295445698715454,2012.0
Nashville,37201,0.98638137816246,271,4525,15291,5167.372491860353,237.92265193370164,-0.04089484337986704,0.03144962286203545,3.2044993787195084,51832.0,5073.0,16.666666666666664,2012.0
Nashville,37211,56.218267717492125,684,3803,7866,46.639644130908955,106.83670786221401,-0.06455835011622157,0.004832736780305269,3.203661327231121,42517.0,1608.0,23.886118266016332,2012.0
Nashville,37206,20.50763186485385,456,7463,11334,184.22409885730238,51.86922149269731,-0.06547485376182405,0.0011145233367979568,5.029115934356803,34915.0,3276.0,31.113545978410844,2012.0
Nashville,37204,18.89165413539255,408,5218,9527,168.09892050253117,82.5795323878881,-0.07596238871323446,-0.007518022121121071,5.731080088170463,63019.0,3638.0,11.242448121880747,2012.0
Nashville,37232,0.1671799512154566,12,55,61,,,,,,,,,
Nashville,37205,36.90536811904305,255,1517,2562,23.140265048849056,68.88595912986158,-0.14164745110964627,-0.07385487358879028,3.8641686182669788,84759.0,7113.0,6.2648315140009485,2012.0
Nashville,37208,12.83918518399848,212,2559,7132,185.16232138284073,178.70261821023837,-0.041294746018637696,0.030400298562678674,5.37016264722378,21415.0,1686.0,45.615141955835966,2012.0
Nashville,37217,49.96400446879936,226,993,2352,15.691296330933172,136.85800604229604,-0.15725629097560467,-0.08983292997449921,4.039115646258503,40755.0,2624.0,21.210643633324043,2012.0
Nashville,37207,50.58448377167093,191,897,2490,16.408193543033224,177.59197324414714,-0.07426623604787042,-0.005614809890704731,5.220883534136546,32384.0,1797.0,29.050756466569055,2012.0
Nashville,37210,24.397173401279584,242,1642,3166,43.25637712104727,92.81364190012181,-0.07540002504533938,-0.006404189739161015,5.622236260265319,26385.0,2572.0,38.018951530438336,2012.0
Nashville,37213,2.156169596410502,34,434,251,38.80337929166208,-42.16589861751152,-0.04615527383553353,0.023525634873881818,9.9601593625498,30568.0,58745.0,47.22222222222222,2012.0
Nashville,37212,7.1206985207363775,294,4971,6140,287.42498516213175,23.516395091530875,-0.05761732742086523,0.010668755233537608,5.618892508143323,50873.0,4781.0,21.505701125122705,2012.0
Nashville,37228,4.207088981894188,48,286,664,52.60961541005506,132.16783216783216,-0.2514404888785913,-0.1832984897547607,3.7650602409638556,25362.0,12627.0,44.50227716330514,2012.0
Nashville,37220,20.26017277889515,27,122,233,3.833465169041963,90.98360655737704,-0.09566225990290578,-0.026587584219805227,15.021459227467812,99767.0,14011.0,2.0762423417290674,2012.0
Nashville,37218,104.78740486627176,23,28,214,0.6807433911009434,,,,3.7383177570093458,44989.0,3639.0,20.52615478739676,2012.0
Nashville,37221,128.62739749604117,289,1874,4091,10.60168123753446,118.30309498399147,-0.08639843851211004,-0.017790942247136843,2.9088242483500366,68237.0,2752.0,5.687418418178428,2012.0
Nashville,37238,0.011999250222266654,1,0,15,,,,,,,,,
Nashville,37216,17.68497683350947,182,1154,2143,40.39209890169692,85.70190641247835,-0.13236486149334692,-0.0642187556787841,4.479701353243117,45625.0,3033.0,16.24590800643622,2012.0
Nashville,37209,89.76163288823372,556,3745,10015,37.191094077912375,167.42323097463284,-0.04255809015448786,0.028271035863435157,4.8327508736894655,42121.0,1788.0,23.698223020246427,2012.0
Nashville,37215,39.71945442164496,408,3535,4668,39.17475762587675,32.05091937765205,-0.10404983628641973,-0.035376119646251314,5.526992287917738,97127.0,6699.0,6.075765155304926,2012.0
Nashville,37219,0.5444140562152182,198,2500,5156,3156.9108972220256,106.23999999999998,0.006340136260667095,0.0782587293839041,4.635376260667184,45167.0,10174.0,6.8645640074211505,2012.0
Nashville,37214,61.32928543615828,617,5368,11365,61.77038108942034,111.71758569299554,-0.09025898243686165,-0.023211943042519445,4.997800263968323,48585.0,1722.0,12.147402089217053,2012.0
NewOrleans,70114,15.097731847157123,119,464,767,16.934110981366267,65.30172413793103,-0.11245553095355842,-0.08640696880763565,1.694915254237288,32260.0,2126.0,29.859120321074617,2012.0
NewOrleans,70112,2.5421028655210987,435,8176,12193,1598.8075811008525,49.13160469667319,-0.05010195550168095,-0.025451122459175246,3.2805708193225622,17300.0,7182.0,52.861952861952865,2012.0
NewOrleans,70117,16.405894899834287,345,4601,6720,136.53628855214876,46.05520539013257,-0.04759023673360352,-0.021825631708488058,2.886904761904762,25385.0,1435.0,35.31782644587967,2012.0
NewOrleans,70115,11.418579731079685,816,13916,16873,492.55979866083777,21.24892210405289,-0.01972849170145119,0.007005897570313779,3.3781781544479346,50088.0,3151.0,20.894901144640997,2012.0
NewOrleans,70116,3.597850205815323,672,20193,22760,2108.6666294233396,12.712326053582924,-0.014020207336417956,0.014541298101541256,1.7486818980667838,34190.0,5810.0,28.884873515746,2012.0
NewOrleans,70121,9.955141062476141,136,917,1311,43.89691690529446,42.966194111232284,-0.13745511155918327,-0.11185477038696517,4.118993135011442,40110.0,2924.0,15.238823729389766,2012.0
NewOrleans,70119,11.819425779035365,604,7528,14239,401.57055190888485,89.14718384697132,-0.0340710424556151,-0.00801837024136176,4.8669148114333876,27826.0,2164.0,36.11324582705727,2012.0
NewOrleans,70113,2.354256059606195,152,1107,4303,609.2512016612413,288.7082204155375,0.016050958397336612,0.043323104929318346,3.416221240994655,17676.0,2228.0,45.15851384306412,2012.0
NewOrleans,70122,16.832972697188964,131,571,1139,22.554938660957337,99.47460595446584,-0.12906241472148883,-0.10332831733986003,3.5996488147497807,39161.0,3250.0,21.689953426480375,2012.0
NewOrleans,70118,13.784034745003424,436,7286,6452,156.0259174075473,-11.446609936865226,-0.06021657160315097,-0.03565633848240535,3.3632982021078734,40843.0,2344.0,27.11014541200067,2012.0
NewOrleans,70148,1.1166200293270871,4,7,14,,,,,,,,,
NewOrleans,70124,19.996747223656598,227,1925,3519,58.6595403182531,82.80519480519482,-0.025544297870927157,0.0008478971597805085,4.94458653026428,71944.0,7584.0,6.56520969739869,2012.0
NewOrleans,70129,349.22195818731905,20,138,224,0.21380862490501312,62.318840579710155,0.0022919319358178925,0.028828766792775462,5.357142857142857,30685.0,4461.0,37.7911600954437,2012.0
NewOrleans,70123,23.49817862820891,340,1717,3212,45.56381511975406,87.07047175305766,-0.056854597530663686,-0.03149246073143652,3.6737235367372354,57103.0,3333.0,9.623969130665053,2012.0
NewOrleans,70126,39.443341544590794,103,235,767,6.481871379422427,226.38297872340428,-0.04574490388082897,-0.019842340448895435,6.258148631029987,27984.0,2505.0,33.35529101773867,2012.0
NewOrleans,70128,13.573185424130855,56,111,440,10.805618731614603,296.39639639639637,0.024465569205569193,0.05034666440140356,3.8636363636363638,42075.0,3729.0,21.026470235956403,2012.0
NewOrleans,70139,0.012812993643235958,8,65,65,,,,,,,,,2012.0
NewOrleans,70125,6.122294889672776,159,996,1975,107.53048410716458,98.29317269076306,-0.06063854959076809,-0.03480464590457932,4.7594936708860756,41146.0,5738.0,29.469548133595286,2012.0
NewOrleans,70130,6.782374659117893,1512,47555,65638,3225.91045658615,38.025444222479244,-0.006141773504977799,0.03381058230524692,2.2288918004814287,48884.0,3605.0,21.29731427673944,2012.0
NewOrleans,70163,0.00887484013807686,3,8,1,,,,,,,,,2012.0
NewOrleans,70127,14.865060984489896,72,209,546,12.243474829326134,161.244019138756,-0.13771038698143967,-0.1116990427732607,5.311355311355311,27034.0,2166.0,35.63127441768458,2012.0
NewOrleans,70131,38.17452185561422,46,154,360,3.1434578395996837,133.76623376623377,-0.18980518037518035,-0.1637314681547719,1.9444444444444444,49439.0,4193.0,17.736105643631678,2012.0
Tucson,85704,47.29523506383993,622,5162,10300,72.59364138266699,99.5350639287098,-0.12734267422501244,-0.01757590236454698,1.8155339805825244,55904.0,2346.0,8.531041576799284,2011.0
Tucson,85710,31.008903867187044,637,3807,8034,86.36229166532398,111.03230890464934,-0.09502668440451956,0.016209119738754718,2.1782424695046054,42423.0,1341.0,12.457733993749201,2011.0
Tucson,85708,7.521231569461262,1,1,2,,,,,,50482.0,4984.0,0.8880994671403196,2011.0
Tucson,85707,10.61939425782302,42,403,183,5.744207110030119,-54.59057071960298,-0.0727940826316289,0.038210682590078426,6.0109289617486334,45481.0,46698.0,39.39393939393939,2011.0
Tucson,85705,35.36913612510211,1069,7488,12865,121.24506852995559,71.80822649572649,-0.1125330061675569,-0.0016925765497419754,2.5728721336960745,25350.0,914.0,33.711069140465874,2011.0
Tucson,85701,3.840773170031349,340,6019,6853,594.7587197175428,13.856122279448414,-0.06671049390340777,0.04292278093387103,4.5819349190135705,29262.0,4059.0,29.666385135135137,2011.0
Tucson,85709,1.0319838918075188,3,15,5,,,,,,,,,
Tucson,85706,33.996929049375936,221,1233,2878,28.218235004109683,133.41443633414437,-0.15165340646693565,-0.04174242155881441,2.4669909659485754,29883.0,2053.0,34.10554561717352,2011.0
Tucson,85745,122.31786035392444,286,1939,4738,12.9117148449422,144.35275915420317,-0.11706803227654083,-0.006303701087388536,4.1367665681722245,49662.0,5518.0,21.17217872929648,2011.0
Tucson,85718,61.316013981516164,346,4474,6205,33.73235145319193,38.69021010281628,-0.10678994223586402,0.0033015998224271703,2.2723609991941984,75818.0,4708.0,7.029674445404782,2011.0
Tucson,85726,0.08858523027707471,3,7,42,,,,,,,,,2011.0
Tucson,85748,31.06233465995656,111,604,1250,13.413887630404192,106.95364238410593,-0.07448802304635771,0.03665163034090446,2.4,66617.0,4492.0,6.4811385640971375,2011.0
Tucson,85735,452.75504748401585,23,112,189,0.139148089789599,68.75,-0.018167890211640114,0.09284871359021418,1.5873015873015872,46606.0,6169.0,11.393683437385237,2011.0
Tucson,85739,662.7323722941522,70,375,1017,0.5115186977006997,171.20000000000002,-0.1500881227138643,-0.03943788839208684,2.0648967551622417,57044.0,3597.0,7.070187471422039,2011.0
Tucson,85716,18.640150288953564,508,5693,8884,158.86853310878425,56.051291059195506,-0.051642706605179445,0.06308597186000386,3.309320126069338,32370.0,1614.0,24.62130392632089,2011.0
Tucson,85755,87.76738315463666,65,292,694,2.6357551634614533,137.67123287671234,0.026862048478149325,0.13834631055958924,2.161383285302594,68892.0,10510.0,6.0524057817965815,2011.0
Tucson,85730,97.34415622512945,171,597,1787,6.1191825967350155,199.32998324958123,-0.06155298484588578,0.049458902054692166,2.630106323447118,49648.0,2018.0,11.945838026005937,2011.0
Tucson,85743,306.5648638159636,229,1278,2947,3.2043245957992297,130.59467918622846,-0.08336107154938083,0.02767601651175272,2.443162538174415,67434.0,3127.0,5.6889920905594655,2011.0
Tucson,85714,14.588386012630364,219,756,2610,59.63648063924066,245.23809523809524,-0.07705865809158918,0.033222428982297214,2.8735632183908044,26683.0,3543.0,25.664164019636154,2011.0
Tucson,85742,57.822836524895756,119,351,1227,7.073329926038895,249.57264957264957,-0.1177257113799901,-0.006768082506016682,2.526487367563162,69879.0,4733.0,5.1409486700330005,2011.0
Tucson,85737,61.767373316658016,207,1200,3570,19.26583463245748,197.5,-0.08063510224089632,0.030727153887054826,2.0728291316526612,83314.0,4308.0,4.6644804463805,2011.0
Tucson,85741,24.865773551406885,531,2866,6419,86.04866694547718,123.97069085833917,-0.14145409278673404,-0.032695677200629825,2.2900763358778624,55714.0,2596.0,11.630438068748678,2011.0
Tucson,85750,47.16919887504904,120,1266,1873,13.236038521391663,47.94628751974723,-0.0536981786153784,0.05789457446155044,4.111051788574479,80900.0,5127.0,4.286182593017538,2011.0
Tucson,85724,0.10583634426144561,1,9,7,,,,,,,,,2011.0
Tucson,85756,242.41650269747217,107,527,1120,1.5400491681840698,112.52371916508537,-0.19104856583762536,-0.0809765797233532,6.517857142857143,47150.0,2892.0,14.324075777082951,2011.0
Tucson,85757,66.75145242629394,26,258,329,1.6429105686915073,27.519379844961243,-0.254071865648783,-0.14357036996108546,3.0395136778115504,49919.0,2561.0,22.00178830893037,2011.0
Tucson,85749,125.32976005162638,106,467,1003,2.6676292462030826,114.7751605995717,0.010886177228485838,0.12265361954570564,2.8913260219341974,82069.0,5966.0,5.407636738906088,2011.0
Tucson,85715,17.03599067520685,307,2377,3877,75.85900685036867,63.10475389145982,-0.08952186606036339,0.021972167402605436,1.805519731751354,55321.0,5402.0,9.612386430837052,2011.0
Tucson,85723,0.5744247299659315,1,1,25,,,,,,,,,2011.0
Tucson,85713,61.67310278152035,360,1461,4002,21.63017490340567,173.92197125256672,-0.07956750428687098,0.031338472085732705,3.2733633183408295,31992.0,1721.0,31.994181758583956,2011.0
Tucson,85711,22.38427594906146,747,6174,10638,158.41477330200078,72.30320699708454,-0.11728899582716013,-0.006864381778273532,2.180861064109795,36189.0,1900.0,24.515232078831193,2011.0
Tucson,85712,17.781022197878524,813,5649,10259,192.32115165317498,81.60736413524519,-0.08266380690721065,0.03057485288215578,2.466127302856029,32641.0,2386.0,23.997796286093916,2011.0
Tucson,85746,300.4862980578765,126,374,1159,1.285693676651179,209.89304812834226,-0.18642361407815145,-0.07687986647596123,2.243313201035375,45096.0,2049.0,20.851754939998195,2011.0
Tucson,85747,173.73825876043767,185,891,2567,4.925033051278124,188.10325476992142,-0.15604260787330515,-0.046221399653266215,1.4803272302298403,78212.0,4949.0,3.4405041166459682,2011.0
Tucson,85721,0.03924235675524787,20,105,89,,,,,,,,,
Tucson,85719,20.688923473390613,835,9316,13753,221.58394752774575,47.627737226277375,-0.09840810716281678,0.013426061570096959,2.9084563367992438,29298.0,2661.0,35.00824660183132,2011.0
