project,group,year,index
Lafitte,Near,2008,0.0
Lafitte,Near,2009,0.0
Lafitte,Near,2010,35.78884580972264
Lafitte,Near,2011,76.23024157470921
Lafitte,Near,2012,85.5353414852371
Lafitte,Near,2013,114.46465851476289
Lafitte,Near,2014,131.225767968983
Lafitte,Near,2015,162.06382344169398
Lafitte,Near,2016,170.29525797793022
Lafitte,Near,2017,159.9761407694602
Lafitte,Near,2018,202.5648672830301
Lafitte,Near,2019,204.53325380256484
Lafitte,Matched,2008,0.0
Lafitte,Matched,2009,0.0
Lafitte,Matched,2010,37.00734802939212
Lafitte,Matched,2011,79.15831663326654
Lafitte,Matched,2012,81.29592518370075
Lafitte,Matched,2013,118.70407481629927
Lafitte,Matched,2014,112.22444889779561
Lafitte,Matched,2015,120.77488309953242
Lafitte,Matched,2016,127.52171008684036
Lafitte,Matched,2017,117.96927187708752
Lafitte,Matched,2018,138.41015364061457
Lafitte,Matched,2019,120.24048096192386
Sun Link,Near,2008,24.943052391799544
Sun Link,Near,2009,38.041002277904326
Sun Link,Near,2010,62.35763097949886
Sun Link,Near,2011,137.64236902050112
Sun Link,Near,2012,119.58997722095671
Sun Link,Near,2013,124.77220956719819
Sun Link,Near,2014,142.99544419134395
Sun Link,Near,2015,144.30523917995444
Sun Link,Near,2016,130.92255125284737
Sun Link,Near,2017,127.6765375854214
Sun Link,Near,2018,128.98633257403188
Sun Link,Near,2019,112.24373576309794
Sun Link,Matched,2008,17.88617886178862
Sun Link,Matched,2009,36.52729384436701
Sun Link,Matched,2010,70.49941927990709
Sun Link,Matched,2011,129.50058072009293
Sun Link,Matched,2012,106.73635307781649
Sun Link,Matched,2013,114.92450638792103
Sun Link,Matched,2014,138.79210220673633
Sun Link,Matched,2015,141.1730545876887
Sun Link,Matched,2016,146.0511033681765
Sun Link,Matched,2017,144.71544715447155
Sun Link,Matched,2018,147.9094076655052
Sun Link,Matched,2019,153.48432055749126
Dilworth Park,Near,2008,31.302533897785136
Dilworth Park,Near,2009,51.99091968832443
Dilworth Park,Near,2010,86.37339714092887
Dilworth Park,Near,2011,113.62660285907108
Dilworth Park,Near,2012,105.88379655193567
Dilworth Park,Near,2013,120.10552794649976
Dilworth Park,Near,2014,125.88502362108103
Dilworth Park,Near,2015,127.11209276642737
Dilworth Park,Near,2016,112.74311307442171
Dilworth Park,Near,2017,107.454445057979
Dilworth Park,Near,2018,106.3500828271673
Dilworth Park,Near,2019,91.31848579667462
Dilworth Park,Matched,2008,37.55661801711122
Dilworth Park,Matched,2009,57.54906894816307
Dilworth Park,Matched,2010,85.35480624056368
Dilworth Park,Matched,2011,114.64519375943635
Dilworth Park,Matched,2012,108.92048314041268
Dilworth Park,Matched,2013,102.62959235027678
Dilworth Park,Matched,2014,103.45998993457474
Dilworth Park,Matched,2015,103.2964267740312
Dilworth Park,Matched,2016,90.601409159537
Dilworth Park,Matched,2017,77.8057372924006
Dilworth Park,Matched,2018,73.70407649723202
Dilworth Park,Matched,2019,66.82184197282335
Water Works Park,Near,2008,10.256410256410257
Water Works Park,Near,2009,56.41025641025641
Water Works Park,Near,2010,51.282051282051285
Water Works Park,Near,2011,128.2051282051282
Water Works Park,Near,2012,71.7948717948718
Water Works Park,Near,2013,189.74358974358975
Water Works Park,Near,2014,174.35897435897436
Water Works Park,Near,2015,292.3076923076923
Water Works Park,Near,2016,210.25641025641025
Water Works Park,Near,2017,194.87179487179486
Water Works Park,Near,2018,153.84615384615384
Water Works Park,Near,2019,143.5897435897436
Water Works Park,Matched,2008,0.0
Water Works Park,Matched,2009,0.0
Water Works Park,Matched,2010,14.285714285714286
Water Works Park,Matched,2011,61.904761904761905
Water Works Park,Matched,2012,138.0952380952381
Water Works Park,Matched,2013,142.85714285714286
Water Works Park,Matched,2014,333.3333333333333
Water Works Park,Matched,2015,390.4761904761905
Water Works Park,Matched,2016,590.4761904761905
Water Works Park,Matched,2017,528.5714285714286
Water Works Park,Matched,2018,376.1904761904762
Water Works Park,Matched,2019,352.3809523809524
Riverfront / Ascend,Near,2008,32.00000000000001
Riverfront / Ascend,Near,2009,29.763440860215052
Riverfront / Ascend,Near,2010,45.24731182795699
Riverfront / Ascend,Near,2011,89.80645161290323
Riverfront / Ascend,Near,2012,110.19354838709677
Riverfront / Ascend,Near,2013,148.7311827956989
Riverfront / Ascend,Near,2014,211.95698924731184
Riverfront / Ascend,Near,2015,246.53763440860217
Riverfront / Ascend,Near,2016,255.31182795698925
Riverfront / Ascend,Near,2017,226.66666666666669
Riverfront / Ascend,Near,2018,241.0322580645161
Riverfront / Ascend,Near,2019,229.8494623655914
Riverfront / Ascend,Matched,2008,30.10004349717268
Riverfront / Ascend,Matched,2009,25.837320574162682
Riverfront / Ascend,Matched,2010,47.585906916050455
Riverfront / Ascend,Matched,2011,92.04001739886908
Riverfront / Ascend,Matched,2012,107.95998260113093
Riverfront / Ascend,Matched,2013,93.08394954327969
Riverfront / Ascend,Matched,2014,100.13049151805131
Riverfront / Ascend,Matched,2015,117.2683775554589
Riverfront / Ascend,Matched,2016,114.57155284906482
Riverfront / Ascend,Matched,2017,104.91518051326663
Riverfront / Ascend,Matched,2018,95.51979121357111
Riverfront / Ascend,Matched,2019,75.16311439756416
