project,area,year,reviewed_businesses
Lafitte,Near,2010,96
Lafitte,Near,2011,157
Lafitte,Near,2012,185
Lafitte,Near,2013,223
Lafitte,Near,2014,244
Lafitte,Near,2015,258
Lafitte,Near,2016,297
Lafitte,Near,2017,301
Lafitte,Near,2018,310
Lafitte,Near,2019,305
Lafitte,Farther,2010,809
Lafitte,Farther,2011,1185
Lafitte,Farther,2012,1359
Lafitte,Farther,2013,1580
Lafitte,Farther,2014,1730
Lafitte,Farther,2015,1904
Lafitte,Farther,2016,2008
Lafitte,Farther,2017,2041
Lafitte,Farther,2018,2075
Lafitte,Farther,2019,2077
Sun Link,Near,2008,131
Sun Link,Near,2009,154
Sun Link,Near,2010,196
Sun Link,Near,2011,253
Sun Link,Near,2012,295
Sun Link,Near,2013,335
Sun Link,Near,2014,364
Sun Link,Near,2015,393
Sun Link,Near,2016,403
Sun Link,Near,2017,439
Sun Link,Near,2018,450
Sun Link,Near,2019,447
Sun Link,Farther,2008,331
Sun Link,Farther,2009,533
Sun Link,Farther,2010,809
Sun Link,Farther,2011,1293
Sun Link,Farther,2012,1561
Sun Link,Farther,2013,1826
Sun Link,Farther,2014,2164
Sun Link,Farther,2015,2404
Sun Link,Farther,2016,2620
Sun Link,Farther,2017,2718
Sun Link,Farther,2018,2881
Sun Link,Farther,2019,2904
Dilworth Park,Near,2010,674
Dilworth Park,Near,2011,766
Dilworth Park,Near,2015,977
Dilworth Park,Near,2016,1001
Dilworth Park,Farther,2010,1961
Dilworth Park,Farther,2011,2321
Dilworth Park,Farther,2015,3560
Dilworth Park,Farther,2016,3749
Water Works Park,Near,2011,5
Water Works Park,Near,2012,4
Water Works Park,Near,2015,17
Water Works Park,Near,2016,20
Water Works Park,Farther,2011,894
Water Works Park,Farther,2012,1154
Water Works Park,Farther,2015,2211
Water Works Park,Farther,2016,2410
Riverfront / Ascend,Near,2011,95
Riverfront / Ascend,Near,2012,118
Riverfront / Ascend,Near,2016,174
Riverfront / Ascend,Near,2017,181
Riverfront / Ascend,Farther,2011,1171
Riverfront / Ascend,Farther,2012,1439
Riverfront / Ascend,Farther,2016,2235
Riverfront / Ascend,Farther,2017,2333
