project,area,listings,baseline_active,post_active,active_both,post_only,baseline_only,neither,baseline_years,post_years,growth_pct,relative_growth_pct
Lafitte,Near,436,244,343,201,142,43,50,2012/2013,2016/2017,40.57377049180329,5.386122280647498
Lafitte,Farther,3258,1788,2385,1458,927,330,543,2012/2013,2016/2017,33.38926174496643,5.386122280647498
Sun Link,Near,717,278,470,217,253,61,186,2010/2011,2015/2016,69.06474820143885,-18.726369810247355
Sun Link,Farther,4151,1459,3035,1237,1798,222,894,2010/2011,2015/2016,108.01919122686772,-18.726369810247355
Dilworth Park,Near,1697,856,1160,655,505,201,336,2010/2011,2015/2016,35.51401869158879,-17.630558693642794
Dilworth Park,Farther,6368,2655,4368,2076,2292,579,1421,2010/2011,2015/2016,64.51977401129942,-17.630558693642794
Water Works Park,Near,75,6,21,6,15,0,54,2011/2012,2015/2016,250.0,69.1708906589428
Water Works Park,Farther,3975,1335,2762,1136,1626,199,1014,2011/2012,2015/2016,106.89138576779027,69.1708906589428
Riverfront / Ascend,Near,308,123,202,95,107,28,78,2011/2012,2016/2017,64.22764227642277,0.6536779227702905
Riverfront / Ascend,Farther,3834,1645,2684,1276,1408,369,781,2011/2012,2016/2017,63.16109422492402,0.6536779227702905
