project,city,project_type,cost_millions,radius_m,income_group,metric,pairs,distinct_controls,low_support,near_pre_mean,near_post_mean,control_pre_mean,control_post_mean,did_per_pair,total_baseline_near_vol,total_post_near_vol,net_volume_gain,relative_growth_pct,ce_abs_per_million,ce_rel_pct_per_million,ce_norm_pct_per_million,biz_500m_pre,biz_500m_post,biz_500m_net_gain,biz_500m_rel_growth_pct,ce_biz_per_million
Lafitte,New Orleans,Greenway / public space,9.1,250,All,reviews,40,32,False,24.125,46.625,22.8,25.625,19.675,965.0,1865.0,787.0,71.96,86.48,7.9075,8.962,244,343,17.53,5.39,1.926
Lafitte,New Orleans,Greenway / public space,9.1,250,All,reviewers,40,32,False,23.675,46.075,22.475,25.275,19.6,947.0,1843.0,784.0,73.05,86.15,8.028,9.0976,244,343,17.53,5.39,1.926
Lafitte,New Orleans,Greenway / public space,9.1,250,All,checkins,40,32,False,120.975,125.9,70.9,58.125,17.7,4839.0,5036.0,708.0,26.94,77.8,2.9609,1.6078,244,343,17.53,5.39,1.926
Lafitte,New Orleans,Greenway / public space,9.1,250,All,tips,40,32,False,8.1,5.375,6.4,2.925,0.75,324.0,215.0,30.0,45.19,3.3,4.9663,1.0175,244,343,17.53,5.39,1.926
Lafitte,New Orleans,Greenway / public space,9.1,250,Lower,reviews,34,26,False,21.882,41.059,19.176,24.647,13.706,744.0,1396.0,466.0,45.99,51.21,5.0536,6.8829,244,343,17.53,5.39,1.926
Lafitte,New Orleans,Greenway / public space,9.1,250,Lower,reviewers,34,26,False,21.471,40.647,18.853,24.324,13.706,730.0,1382.0,466.0,46.74,51.21,5.1359,7.0149,244,343,17.53,5.39,1.926
Lafitte,New Orleans,Greenway / public space,9.1,250,Lower,checkins,34,26,False,127.324,137.853,57.735,58.735,9.529,4329.0,4687.0,324.0,6.43,35.6,0.7062,0.8225,244,343,17.53,5.39,1.926
Lafitte,New Orleans,Greenway / public space,9.1,250,Lower,tips,34,26,False,7.882,5.529,5.647,2.794,0.5,268.0,188.0,17.0,41.78,1.87,4.5907,0.6971,244,343,17.53,5.39,1.926
Lafitte,New Orleans,Greenway / public space,9.1,250,Middle,reviews,5,5,True,41.6,93.8,49.4,37.4,64.2,208.0,469.0,321.0,197.83,35.27,21.7393,16.959,244,343,17.53,5.39,1.926
Lafitte,New Orleans,Greenway / public space,9.1,250,Middle,reviewers,5,5,True,40.8,92.2,49.0,36.8,63.6,204.0,461.0,318.0,200.9,34.95,22.0767,17.1299,244,343,17.53,5.39,1.926
Lafitte,New Orleans,Greenway / public space,9.1,250,Middle,checkins,5,5,True,77.4,69.8,166.4,65.6,93.2,387.0,349.0,466.0,128.75,51.21,14.1485,13.2322,244,343,17.53,5.39,1.926
Lafitte,New Orleans,Greenway / public space,9.1,250,Middle,tips,5,5,True,8.2,5.4,12.4,4.4,5.2,41.0,27.0,26.0,85.59,2.86,9.4052,6.9686,244,343,17.53,5.39,1.926
Lafitte,New Orleans,Greenway / public space,9.1,250,Higher,reviews,1,1,True,13.0,0.0,13.0,0.0,0.0,13.0,0.0,0.0,,0.0,,0.0,244,343,17.53,5.39,1.926
Lafitte,New Orleans,Greenway / public space,9.1,250,Higher,reviewers,1,1,True,13.0,0.0,13.0,0.0,0.0,13.0,0.0,0.0,,0.0,,0.0,244,343,17.53,5.39,1.926
Lafitte,New Orleans,Greenway / public space,9.1,250,Higher,checkins,1,1,True,123.0,0.0,41.0,0.0,-82.0,123.0,0.0,-82.0,,-9.01,,-7.326,244,343,17.53,5.39,1.926
Lafitte,New Orleans,Greenway / public space,9.1,250,Higher,tips,1,1,True,15.0,0.0,2.0,0.0,-13.0,15.0,0.0,-13.0,,-1.43,,-9.5238,244,343,17.53,5.39,1.926
Lafitte,New Orleans,Greenway / public space,9.1,500,All,reviews,142,80,False,23.613,38.993,21.085,25.88,10.585,3353.0,5537.0,1503.0,34.54,165.16,3.7951,4.9259,244,343,17.53,5.39,1.926
Lafitte,New Orleans,Greenway / public space,9.1,500,All,reviewers,142,80,False,23.204,38.577,20.592,25.493,10.472,3295.0,5478.0,1487.0,34.29,163.41,3.7679,4.9592,244,343,17.53,5.39,1.926
Lafitte,New Orleans,Greenway / public space,9.1,500,All,checkins,142,80,False,94.415,90.261,104.965,72.662,28.148,13407.0,12817.0,3997.0,38.1,439.23,4.1867,3.2761,244,343,17.53,5.39,1.926
Lafitte,New Orleans,Greenway / public space,9.1,500,All,tips,142,80,False,7.472,4.176,7.514,3.444,0.775,1061.0,593.0,110.0,21.95,12.09,2.4125,1.1393,244,343,17.53,5.39,1.926
Lafitte,New Orleans,Greenway / public space,9.1,500,Lower,reviews,108,55,False,24.37,40.435,20.843,27.37,9.537,2632.0,4367.0,1030.0,26.35,113.19,2.8954,4.3004,244,343,17.53,5.39,1.926
Lafitte,New Orleans,Greenway / public space,9.1,500,Lower,reviewers,108,55,False,23.917,39.972,20.324,26.954,9.426,2583.0,4317.0,1018.0,26.02,111.87,2.8597,4.3309,244,343,17.53,5.39,1.926
Lafitte,New Orleans,Greenway / public space,9.1,500,Lower,checkins,108,55,False,99.731,98.037,93.417,68.88,22.843,10771.0,10588.0,2467.0,33.32,271.1,3.6614,2.5169,244,343,17.53,5.39,1.926
Lafitte,New Orleans,Greenway / public space,9.1,500,Lower,tips,108,55,False,7.537,4.546,7.602,3.648,0.963,814.0,491.0,104.0,25.69,11.43,2.8232,1.404,244,343,17.53,5.39,1.926
Lafitte,New Orleans,Greenway / public space,9.1,500,Middle,reviews,32,23,False,20.25,33.875,22.062,22.094,13.594,648.0,1084.0,435.0,67.05,47.8,7.3678,7.3769,244,343,17.53,5.39,1.926
Lafitte,New Orleans,Greenway / public space,9.1,500,Middle,reviewers,32,23,False,19.969,33.594,21.656,21.812,13.469,639.0,1075.0,431.0,67.03,47.36,7.3656,7.412,244,343,17.53,5.39,1.926
Lafitte,New Orleans,Greenway / public space,9.1,500,Middle,checkins,32,23,False,63.688,56.938,148.812,89.938,52.125,2038.0,1822.0,1668.0,47.93,183.3,5.2665,8.994,244,343,17.53,5.39,1.926
Lafitte,New Orleans,Greenway / public space,9.1,500,Middle,tips,32,23,False,6.438,2.938,7.469,2.969,1.0,206.0,94.0,32.0,14.8,3.52,1.6262,1.707,244,343,17.53,5.39,1.926
Lafitte,New Orleans,Greenway / public space,9.1,500,Higher,reviews,2,2,True,36.5,43.0,18.5,6.0,19.0,73.0,86.0,38.0,263.24,4.18,28.9277,5.7203,244,343,17.53,5.39,1.926
Lafitte,New Orleans,Greenway / public space,9.1,500,Higher,reviewers,2,2,True,36.5,43.0,18.0,5.5,19.0,73.0,86.0,38.0,285.55,4.18,31.3796,5.7203,244,343,17.53,5.39,1.926
Lafitte,New Orleans,Greenway / public space,9.1,500,Higher,checkins,2,2,True,299.0,203.5,27.0,0.5,-69.0,598.0,407.0,-138.0,3575.25,-15.16,392.8847,-2.5359,244,343,17.53,5.39,1.926
Lafitte,New Orleans,Greenway / public space,9.1,500,Higher,tips,2,2,True,20.5,4.0,3.5,0.0,-13.0,41.0,8.0,-26.0,,-2.86,,-6.9686,244,343,17.53,5.39,1.926
Lafitte,New Orleans,Greenway / public space,9.1,1000,All,reviews,641,286,False,40.172,73.557,35.518,45.647,23.256,25750.0,47150.0,14907.0,42.47,1638.13,4.6675,6.3617,244,343,17.53,5.39,1.926
Lafitte,New Orleans,Greenway / public space,9.1,1000,All,reviewers,641,286,False,39.761,72.958,34.992,45.144,23.045,25487.0,46766.0,14772.0,42.23,1623.3,4.6405,6.3691,244,343,17.53,5.39,1.926
Lafitte,New Orleans,Greenway / public space,9.1,1000,All,checkins,641,286,False,162.198,201.465,152.911,113.064,79.114,103969.0,129139.0,50712.0,67.98,5572.75,7.4708,5.36,244,343,17.53,5.39,1.926
Lafitte,New Orleans,Greenway / public space,9.1,1000,All,tips,641,286,False,12.715,8.119,11.356,5.222,1.538,8150.0,5204.0,986.0,38.87,108.35,4.271,1.3295,244,343,17.53,5.39,1.926
Lafitte,New Orleans,Greenway / public space,9.1,1000,Lower,reviews,237,70,False,28.662,45.738,20.781,26.696,11.16,6793.0,10840.0,2645.0,24.22,290.66,2.6611,4.2788,244,343,17.53,5.39,1.926
Lafitte,New Orleans,Greenway / public space,9.1,1000,Lower,reviewers,237,70,False,28.224,45.278,20.308,26.241,11.122,6689.0,10731.0,2636.0,24.16,289.67,2.6547,4.3305,244,343,17.53,5.39,1.926
Lafitte,New Orleans,Greenway / public space,9.1,1000,Lower,checkins,237,70,False,114.831,107.253,89.283,59.519,22.186,27215.0,25419.0,5258.0,40.11,577.8,4.4074,2.1231,244,343,17.53,5.39,1.926
Lafitte,New Orleans,Greenway / public space,9.1,1000,Lower,tips,237,70,False,9.013,5.089,7.283,3.527,-0.169,2136.0,1206.0,-40.0,16.57,-4.4,1.8207,-0.2058,244,343,17.53,5.39,1.926
Lafitte,New Orleans,Greenway / public space,9.1,1000,Middle,reviews,182,55,False,39.0,70.148,37.945,36.863,32.231,7098.0,12767.0,5866.0,85.15,644.62,9.357,9.0816,244,343,17.53,5.39,1.926
Lafitte,New Orleans,Greenway / public space,9.1,1000,Middle,reviewers,182,55,False,38.566,69.632,37.429,36.489,32.005,7019.0,12673.0,5825.0,85.2,640.11,9.3628,9.1197,244,343,17.53,5.39,1.926
Lafitte,New Orleans,Greenway / public space,9.1,1000,Middle,checkins,182,55,False,180.714,209.78,171.538,124.451,76.154,32890.0,38180.0,13860.0,60.01,1523.08,6.5941,4.6308,244,343,17.53,5.39,1.926
Lafitte,New Orleans,Greenway / public space,9.1,1000,Middle,tips,182,55,False,14.313,9.643,10.907,4.626,1.61,2605.0,1755.0,293.0,58.82,32.2,6.4642,1.236,244,343,17.53,5.39,1.926
Lafitte,New Orleans,Greenway / public space,9.1,1000,Higher,reviews,222,161,False,53.419,106.05,49.261,73.081,28.811,11859.0,23543.0,6396.0,33.82,702.86,3.7163,5.9268,244,343,17.53,5.39,1.926
Lafitte,New Orleans,Greenway / public space,9.1,1000,Higher,reviewers,222,161,False,53.059,105.234,48.671,72.419,28.428,11779.0,23362.0,6311.0,33.3,693.52,3.659,5.8877,244,343,17.53,5.39,1.926
Lafitte,New Orleans,Greenway / public space,9.1,1000,Higher,checkins,222,161,False,197.586,295.225,205.568,160.892,142.315,43864.0,65540.0,31594.0,90.91,3471.87,9.9896,7.9151,244,343,17.53,5.39,1.926
Lafitte,New Orleans,Greenway / public space,9.1,1000,Higher,tips,222,161,False,15.356,10.104,16.072,7.518,3.302,3409.0,2243.0,733.0,40.66,80.55,4.4681,2.3628,244,343,17.53,5.39,1.926
Sun Link,Tucson,Streetcar / transit,196.5,250,All,reviews,130,78,False,23.108,30.308,22.492,31.054,-1.362,3004.0,3940.0,-177.0,-5.0,-0.9,-0.0255,-0.03,278,470,-108.29,-18.73,-0.551
Sun Link,Tucson,Streetcar / transit,196.5,250,All,reviewers,130,78,False,22.162,29.808,21.577,30.569,-1.346,2881.0,3875.0,-175.0,-5.06,-0.89,-0.0258,-0.0309,278,470,-108.29,-18.73,-0.551
Sun Link,Tucson,Streetcar / transit,196.5,250,All,checkins,130,78,False,72.754,101.808,52.792,85.938,-4.092,9458.0,13235.0,-532.0,-14.04,-2.71,-0.0714,-0.0286,278,470,-108.29,-18.73,-0.551
Sun Link,Tucson,Streetcar / transit,196.5,250,All,tips,130,78,False,9.069,3.423,6.431,3.9,-3.115,1179.0,445.0,-405.0,-37.76,-2.06,-0.1922,-0.1748,278,470,-108.29,-18.73,-0.551
Sun Link,Tucson,Streetcar / transit,196.5,250,Lower,reviews,121,72,False,23.95,31.57,22.959,32.843,-2.264,2898.0,3820.0,-274.0,-7.86,-1.39,-0.04,-0.0481,278,470,-108.29,-18.73,-0.551
Sun Link,Tucson,Streetcar / transit,196.5,250,Lower,reviewers,121,72,False,22.975,31.058,22.041,32.331,-2.207,2780.0,3758.0,-267.0,-7.84,-1.36,-0.0399,-0.0489,278,470,-108.29,-18.73,-0.551
Sun Link,Tucson,Streetcar / transit,196.5,250,Lower,checkins,121,72,False,75.331,105.678,52.901,88.388,-5.14,9115.0,12787.0,-622.0,-16.04,-3.17,-0.0816,-0.0347,278,470,-108.29,-18.73,-0.551
Sun Link,Tucson,Streetcar / transit,196.5,250,Lower,tips,121,72,False,9.38,3.529,6.446,4.099,-3.504,1135.0,427.0,-424.0,-40.84,-2.16,-0.2078,-0.1901,278,470,-108.29,-18.73,-0.551
Sun Link,Tucson,Streetcar / transit,196.5,250,Middle,reviews,9,6,True,11.778,13.333,16.222,7.0,10.778,106.0,120.0,97.0,162.35,0.49,0.8262,0.4657,278,470,-108.29,-18.73,-0.551
Sun Link,Tucson,Streetcar / transit,196.5,250,Middle,reviewers,9,6,True,11.222,13.0,15.333,6.889,10.222,101.0,117.0,92.0,157.84,0.47,0.8033,0.4636,278,470,-108.29,-18.73,-0.551
Sun Link,Tucson,Streetcar / transit,196.5,250,Middle,checkins,9,6,True,38.111,49.778,51.333,53.0,10.0,343.0,448.0,90.0,26.5,0.46,0.1349,0.1335,278,470,-108.29,-18.73,-0.551
Sun Link,Tucson,Streetcar / transit,196.5,250,Middle,tips,9,6,True,4.889,2.0,6.222,1.222,2.111,44.0,18.0,19.0,108.26,0.1,0.551,0.2198,278,470,-108.29,-18.73,-0.551
Sun Link,Tucson,Streetcar / transit,196.5,500,All,reviews,149,86,False,23.57,32.436,23.114,33.195,-1.215,3512.0,4833.0,-181.0,-4.18,-0.92,-0.0213,-0.0262,278,470,-108.29,-18.73,-0.551
Sun Link,Tucson,Streetcar / transit,196.5,500,All,reviewers,149,86,False,22.624,31.926,22.201,32.678,-1.174,3371.0,4757.0,-175.0,-4.13,-0.89,-0.021,-0.0264,278,470,-108.29,-18.73,-0.551
Sun Link,Tucson,Streetcar / transit,196.5,500,All,checkins,149,86,False,71.114,106.074,54.195,90.255,-1.101,10596.0,15805.0,-164.0,-10.44,-0.83,-0.0531,-0.0079,278,470,-108.29,-18.73,-0.551
Sun Link,Tucson,Streetcar / transit,196.5,500,All,tips,149,86,False,9.034,3.577,6.671,4.161,-2.946,1346.0,533.0,-439.0,-36.51,-2.23,-0.1858,-0.166,278,470,-108.29,-18.73,-0.551
Sun Link,Tucson,Streetcar / transit,196.5,500,Lower,reviews,140,80,False,24.329,33.664,23.557,34.879,-1.986,3406.0,4713.0,-278.0,-6.54,-1.41,-0.0333,-0.0415,278,470,-108.29,-18.73,-0.551
Sun Link,Tucson,Streetcar / transit,196.5,500,Lower,reviewers,140,80,False,23.357,33.143,22.643,34.336,-1.907,3270.0,4640.0,-267.0,-6.43,-1.36,-0.0327,-0.0416,278,470,-108.29,-18.73,-0.551
Sun Link,Tucson,Streetcar / transit,196.5,500,Lower,checkins,140,80,False,73.236,109.693,54.379,92.65,-1.814,10253.0,15357.0,-254.0,-12.09,-1.29,-0.0615,-0.0126,278,470,-108.29,-18.73,-0.551
Sun Link,Tucson,Streetcar / transit,196.5,500,Lower,tips,140,80,False,9.3,3.679,6.7,4.35,-3.271,1302.0,515.0,-458.0,-39.08,-2.33,-0.1989,-0.179,278,470,-108.29,-18.73,-0.551
Sun Link,Tucson,Streetcar / transit,196.5,500,Middle,reviews,9,6,True,11.778,13.333,16.222,7.0,10.778,106.0,120.0,97.0,162.35,0.49,0.8262,0.4657,278,470,-108.29,-18.73,-0.551
Sun Link,Tucson,Streetcar / transit,196.5,500,Middle,reviewers,9,6,True,11.222,13.0,15.333,6.889,10.222,101.0,117.0,92.0,157.84,0.47,0.8033,0.4636,278,470,-108.29,-18.73,-0.551
Sun Link,Tucson,Streetcar / transit,196.5,500,Middle,checkins,9,6,True,38.111,49.778,51.333,53.0,10.0,343.0,448.0,90.0,26.5,0.46,0.1349,0.1335,278,470,-108.29,-18.73,-0.551
Sun Link,Tucson,Streetcar / transit,196.5,500,Middle,tips,9,6,True,4.889,2.0,6.222,1.222,2.111,44.0,18.0,19.0,108.26,0.1,0.551,0.2198,278,470,-108.29,-18.73,-0.551
Sun Link,Tucson,Streetcar / transit,196.5,1000,All,reviews,176,96,False,22.557,31.489,22.153,32.0,-0.915,3970.0,5542.0,-161.0,-3.36,-0.82,-0.0171,-0.0206,278,470,-108.29,-18.73,-0.551
Sun Link,Tucson,Streetcar / transit,196.5,1000,All,reviewers,176,96,False,21.665,30.972,21.318,31.489,-0.864,3813.0,5451.0,-152.0,-3.22,-0.77,-0.0164,-0.0203,278,470,-108.29,-18.73,-0.551
Sun Link,Tucson,Streetcar / transit,196.5,1000,All,checkins,176,96,False,67.119,102.96,54.381,88.744,1.477,11813.0,18121.0,260.0,-6.0,1.32,-0.0305,0.0112,278,470,-108.29,-18.73,-0.551
Sun Link,Tucson,Streetcar / transit,196.5,1000,All,tips,176,96,False,8.375,3.386,6.722,4.091,-2.358,1474.0,596.0,-415.0,-33.56,-2.11,-0.1708,-0.1433,278,470,-108.29,-18.73,-0.551
Sun Link,Tucson,Streetcar / transit,196.5,1000,Lower,reviews,166,89,False,23.211,32.488,22.56,33.355,-1.518,3853.0,5393.0,-252.0,-5.33,-1.28,-0.0271,-0.0333,278,470,-108.29,-18.73,-0.551
Sun Link,Tucson,Streetcar / transit,196.5,1000,Lower,reviewers,166,89,False,22.301,31.964,21.723,32.825,-1.44,3702.0,5306.0,-239.0,-5.15,-1.22,-0.0262,-0.0329,278,470,-108.29,-18.73,-0.551
Sun Link,Tucson,Streetcar / transit,196.5,1000,Lower,checkins,166,89,False,69.012,106.006,54.458,90.946,0.506,11456.0,17597.0,84.0,-8.02,0.43,-0.0408,0.0037,278,470,-108.29,-18.73,-0.551
Sun Link,Tucson,Streetcar / transit,196.5,1000,Lower,tips,166,89,False,8.596,3.464,6.771,4.229,-2.59,1427.0,575.0,-430.0,-35.48,-2.19,-0.1806,-0.1533,278,470,-108.29,-18.73,-0.551
Sun Link,Tucson,Streetcar / transit,196.5,1000,Middle,reviews,10,7,True,11.7,14.9,15.4,9.5,9.1,117.0,149.0,91.0,106.44,0.46,0.5417,0.3958,278,470,-108.29,-18.73,-0.551
Sun Link,Tucson,Streetcar / transit,196.5,1000,Middle,reviewers,10,7,True,11.1,14.5,14.6,9.3,8.7,111.0,145.0,87.0,105.08,0.44,0.5347,0.3989,278,470,-108.29,-18.73,-0.551
Sun Link,Tucson,Streetcar / transit,196.5,1000,Middle,checkins,10,7,True,35.7,52.4,53.1,52.2,17.6,357.0,524.0,176.0,49.31,0.9,0.2509,0.2509,278,470,-108.29,-18.73,-0.551
Sun Link,Tucson,Streetcar / transit,196.5,1000,Middle,tips,10,7,True,4.7,2.1,5.9,1.8,1.5,47.0,21.0,15.0,46.45,0.08,0.2364,0.1624,278,470,-108.29,-18.73,-0.551
Dilworth Park,Philadelphia,Civic plaza / transit access,55.0,250,All,reviews,95,73,False,31.832,32.2,30.137,31.779,-1.274,3024.0,3059.0,-121.0,-4.07,-2.2,-0.074,-0.0728,856,1160,-248.29,-17.63,-4.514
Dilworth Park,Philadelphia,Civic plaza / transit access,55.0,250,All,reviewers,95,73,False,30.853,31.589,29.358,31.158,-1.063,2931.0,3001.0,-101.0,-3.53,-1.84,-0.0641,-0.0627,856,1160,-248.29,-17.63,-4.514
Dilworth Park,Philadelphia,Civic plaza / transit access,55.0,250,All,checkins,95,73,False,67.484,92.811,64.937,89.516,0.747,6411.0,8817.0,71.0,-0.23,1.29,-0.0042,0.0201,856,1160,-248.29,-17.63,-4.514
Dilworth Park,Philadelphia,Civic plaza / transit access,55.0,250,All,tips,95,73,False,6.705,3.211,7.495,3.495,0.505,637.0,305.0,48.0,2.68,0.87,0.0488,0.137,856,1160,-248.29,-17.63,-4.514
Dilworth Park,Philadelphia,Civic plaza / transit access,55.0,250,Lower,reviews,1,1,True,21.0,35.0,13.0,22.0,5.0,21.0,35.0,5.0,-1.52,0.09,-0.0275,0.4329,856,1160,-248.29,-17.63,-4.514
Dilworth Park,Philadelphia,Civic plaza / transit access,55.0,250,Lower,reviewers,1,1,True,21.0,35.0,13.0,22.0,5.0,21.0,35.0,5.0,-1.52,0.09,-0.0275,0.4329,856,1160,-248.29,-17.63,-4.514
Dilworth Park,Philadelphia,Civic plaza / transit access,55.0,250,Lower,checkins,1,1,True,242.0,317.0,48.0,80.0,43.0,242.0,317.0,43.0,-21.4,0.78,-0.3892,0.3231,856,1160,-248.29,-17.63,-4.514
Dilworth Park,Philadelphia,Civic plaza / transit access,55.0,250,Lower,tips,1,1,True,17.0,9.0,0.0,0.0,-8.0,17.0,9.0,-8.0,,-0.15,,-0.8556,856,1160,-248.29,-17.63,-4.514
Dilworth Park,Philadelphia,Civic plaza / transit access,55.0,250,Middle,reviews,21,20,False,33.667,46.619,32.952,27.762,18.143,707.0,979.0,381.0,64.36,6.93,1.1702,0.9798,856,1160,-248.29,-17.63,-4.514
Dilworth Park,Philadelphia,Civic plaza / transit access,55.0,250,Middle,reviewers,21,20,False,33.333,46.095,31.571,27.19,17.143,700.0,968.0,360.0,60.57,6.55,1.1012,0.9351,856,1160,-248.29,-17.63,-4.514
Dilworth Park,Philadelphia,Civic plaza / transit access,55.0,250,Middle,checkins,21,20,False,88.857,141.286,74.571,76.143,50.857,1866.0,2967.0,1068.0,55.72,19.42,1.0131,1.0406,856,1160,-248.29,-17.63,-4.514
Dilworth Park,Philadelphia,Civic plaza / transit access,55.0,250,Middle,tips,21,20,False,8.905,4.238,9.429,2.571,2.19,187.0,89.0,46.0,74.51,0.84,1.3547,0.4473,856,1160,-248.29,-17.63,-4.514
Dilworth Park,Philadelphia,Civic plaza / transit access,55.0,250,Higher,reviews,73,52,False,31.452,28.014,29.562,33.068,-6.945,2296.0,2045.0,-507.0,-20.38,-9.22,-0.3705,-0.4015,856,1160,-248.29,-17.63,-4.514
Dilworth Park,Philadelphia,Civic plaza / transit access,55.0,250,Higher,reviewers,73,52,False,30.274,27.37,28.945,32.425,-6.384,2210.0,1998.0,-466.0,-19.29,-8.47,-0.3508,-0.3834,856,1160,-248.29,-17.63,-4.514
Dilworth Park,Philadelphia,Civic plaza / transit access,55.0,250,Higher,checkins,73,52,False,58.945,75.795,62.397,93.493,-14.247,4303.0,5533.0,-1040.0,-14.18,-18.91,-0.2579,-0.4394,856,1160,-248.29,-17.63,-4.514
Dilworth Park,Philadelphia,Civic plaza / transit access,55.0,250,Higher,tips,73,52,False,5.932,2.836,7.041,3.808,0.137,433.0,207.0,10.0,-11.61,0.18,-0.2111,0.042,856,1160,-248.29,-17.63,-4.514
Dilworth Park,Philadelphia,Civic plaza / transit access,55.0,500,All,reviews,498,272,False,32.729,39.251,31.92,30.946,7.496,16299.0,19547.0,3733.0,23.7,67.87,0.4309,0.4164,856,1160,-248.29,-17.63,-4.514
Dilworth Park,Philadelphia,Civic plaza / transit access,55.0,500,All,reviewers,498,272,False,31.902,38.663,31.088,30.476,7.373,15887.0,19254.0,3672.0,23.63,66.76,0.4296,0.4202,856,1160,-248.29,-17.63,-4.514
Dilworth Park,Philadelphia,Civic plaza / transit access,55.0,500,All,checkins,498,272,False,64.349,99.538,57.811,80.213,12.787,32046.0,49570.0,6368.0,11.48,115.78,0.2088,0.3613,856,1160,-248.29,-17.63,-4.514
Dilworth Park,Philadelphia,Civic plaza / transit access,55.0,500,All,tips,498,272,False,6.363,3.904,6.681,3.608,0.612,3169.0,1944.0,305.0,13.57,5.55,0.2468,0.175,856,1160,-248.29,-17.63,-4.514
Dilworth Park,Philadelphia,Civic plaza / transit access,55.0,500,Lower,reviews,1,1,True,21.0,35.0,13.0,22.0,5.0,21.0,35.0,5.0,-1.52,0.09,-0.0275,0.4329,856,1160,-248.29,-17.63,-4.514
Dilworth Park,Philadelphia,Civic plaza / transit access,55.0,500,Lower,reviewers,1,1,True,21.0,35.0,13.0,22.0,5.0,21.0,35.0,5.0,-1.52,0.09,-0.0275,0.4329,856,1160,-248.29,-17.63,-4.514
Dilworth Park,Philadelphia,Civic plaza / transit access,55.0,500,Lower,checkins,1,1,True,242.0,317.0,48.0,80.0,43.0,242.0,317.0,43.0,-21.4,0.78,-0.3892,0.3231,856,1160,-248.29,-17.63,-4.514
Dilworth Park,Philadelphia,Civic plaza / transit access,55.0,500,Lower,tips,1,1,True,17.0,9.0,0.0,0.0,-8.0,17.0,9.0,-8.0,,-0.15,,-0.8556,856,1160,-248.29,-17.63,-4.514
Dilworth Park,Philadelphia,Civic plaza / transit access,55.0,500,Middle,reviews,171,85,False,36.842,54.433,36.368,32.942,21.018,6300.0,9308.0,3594.0,63.12,65.35,1.1476,1.0372,856,1160,-248.29,-17.63,-4.514
Dilworth Park,Philadelphia,Civic plaza / transit access,55.0,500,Middle,reviewers,171,85,False,36.076,53.871,35.088,32.433,20.45,6169.0,9212.0,3497.0,61.55,63.58,1.1191,1.0307,856,1160,-248.29,-17.63,-4.514
Dilworth Park,Philadelphia,Civic plaza / transit access,55.0,500,Middle,checkins,171,85,False,76.708,142.018,63.094,87.041,41.363,13117.0,24285.0,7073.0,34.2,128.6,0.6219,0.9804,856,1160,-248.29,-17.63,-4.514
Dilworth Park,Philadelphia,Civic plaza / transit access,55.0,500,Middle,tips,171,85,False,7.795,5.684,7.795,3.918,1.766,1333.0,972.0,302.0,45.07,5.49,0.8195,0.4119,856,1160,-248.29,-17.63,-4.514
Dilworth Park,Philadelphia,Civic plaza / transit access,55.0,500,Higher,reviews,326,186,False,30.607,31.301,29.644,29.926,0.411,9978.0,10204.0,134.0,1.3,2.44,0.0236,0.0244,856,1160,-248.29,-17.63,-4.514
Dilworth Park,Philadelphia,Civic plaza / transit access,55.0,500,Higher,reviewers,326,186,False,29.745,30.696,29.046,29.475,0.521,9697.0,10007.0,170.0,1.69,3.09,0.0308,0.0319,856,1160,-248.29,-17.63,-4.514
Dilworth Park,Philadelphia,Civic plaza / transit access,55.0,500,Higher,checkins,326,186,False,57.322,76.589,55.071,76.632,-2.294,18687.0,24968.0,-748.0,-3.98,-13.6,-0.0724,-0.0728,856,1160,-248.29,-17.63,-4.514
Dilworth Park,Philadelphia,Civic plaza / transit access,55.0,500,Higher,tips,326,186,False,5.58,2.954,6.117,3.457,0.034,1819.0,963.0,11.0,-6.33,0.2,-0.1151,0.011,856,1160,-248.29,-17.63,-4.514
Dilworth Park,Philadelphia,Civic plaza / transit access,55.0,1000,All,reviews,1013,431,False,33.788,38.003,32.686,30.509,6.392,34227.0,38497.0,6475.0,20.5,117.73,0.3727,0.344,856,1160,-248.29,-17.63,-4.514
Dilworth Park,Philadelphia,Civic plaza / transit access,55.0,1000,All,reviewers,1013,431,False,32.901,37.46,31.755,30.051,6.263,33329.0,37947.0,6344.0,20.31,115.35,0.3693,0.3461,856,1160,-248.29,-17.63,-4.514
Dilworth Park,Philadelphia,Civic plaza / transit access,55.0,1000,All,checkins,1013,431,False,63.035,98.39,59.314,81.987,12.682,63854.0,99669.0,12847.0,12.92,233.58,0.235,0.3658,856,1160,-248.29,-17.63,-4.514
Dilworth Park,Philadelphia,Civic plaza / transit access,55.0,1000,All,tips,1013,431,False,6.265,3.913,6.859,3.682,0.825,6346.0,3964.0,836.0,16.35,15.2,0.2974,0.2395,856,1160,-248.29,-17.63,-4.514
Dilworth Park,Philadelphia,Civic plaza / transit access,55.0,1000,Lower,reviews,1,1,True,21.0,35.0,13.0,22.0,5.0,21.0,35.0,5.0,-1.52,0.09,-0.0275,0.4329,856,1160,-248.29,-17.63,-4.514
Dilworth Park,Philadelphia,Civic plaza / transit access,55.0,1000,Lower,reviewers,1,1,True,21.0,35.0,13.0,22.0,5.0,21.0,35.0,5.0,-1.52,0.09,-0.0275,0.4329,856,1160,-248.29,-17.63,-4.514
Dilworth Park,Philadelphia,Civic plaza / transit access,55.0,1000,Lower,checkins,1,1,True,242.0,317.0,48.0,80.0,43.0,242.0,317.0,43.0,-21.4,0.78,-0.3892,0.3231,856,1160,-248.29,-17.63,-4.514
Dilworth Park,Philadelphia,Civic plaza / transit access,55.0,1000,Lower,tips,1,1,True,17.0,9.0,0.0,0.0,-8.0,17.0,9.0,-8.0,,-0.15,,-0.8556,856,1160,-248.29,-17.63,-4.514
Dilworth Park,Philadelphia,Civic plaza / transit access,55.0,1000,Middle,reviews,413,147,False,35.278,45.465,34.666,33.482,11.37,14570.0,18777.0,4696.0,33.43,85.38,0.6079,0.586,856,1160,-248.29,-17.63,-4.514
Dilworth Park,Philadelphia,Civic plaza / transit access,55.0,1000,Middle,reviewers,413,147,False,34.383,44.92,33.53,32.983,11.085,14200.0,18552.0,4578.0,32.82,83.24,0.5966,0.5862,856,1160,-248.29,-17.63,-4.514
Dilworth Park,Philadelphia,Civic plaza / transit access,55.0,1000,Middle,checkins,413,147,False,66.46,121.843,63.409,93.53,25.262,27448.0,50321.0,10433.0,24.29,189.69,0.4416,0.6911,856,1160,-248.29,-17.63,-4.514
Dilworth Park,Philadelphia,Civic plaza / transit access,55.0,1000,Middle,tips,413,147,False,7.002,4.923,7.545,4.182,1.283,2892.0,2033.0,530.0,26.84,9.64,0.4879,0.3332,856,1160,-248.29,-17.63,-4.514
Dilworth Park,Philadelphia,Civic plaza / transit access,55.0,1000,Higher,reviews,599,283,False,32.781,32.863,31.354,28.474,2.962,19636.0,19685.0,1774.0,10.39,32.25,0.1889,0.1643,856,1160,-248.29,-17.63,-4.514
Dilworth Park,Philadelphia,Civic plaza / transit access,55.0,1000,Higher,reviewers,599,283,False,31.9,32.321,30.563,28.043,2.94,19108.0,19360.0,1761.0,10.42,32.02,0.1895,0.1676,856,1160,-248.29,-17.63,-4.514
Dilworth Park,Philadelphia,Civic plaza / transit access,55.0,1000,Higher,checkins,599,283,False,60.374,81.855,56.509,74.032,3.958,36164.0,49031.0,2371.0,3.49,43.11,0.0634,0.1192,856,1160,-248.29,-17.63,-4.514
Dilworth Park,Philadelphia,Civic plaza / transit access,55.0,1000,Higher,tips,599,283,False,5.738,3.209,6.397,3.344,0.524,3437.0,1922.0,314.0,6.98,5.71,0.127,0.1661,856,1160,-248.29,-17.63,-4.514
Water Works Park,Tampa,Riverfront park / spring restoration,7.4,250,All,reviews,1,1,True,14.0,24.0,17.0,86.0,-59.0,14.0,24.0,-59.0,-66.11,-7.97,-8.9342,-56.9498,6,21,8.59,69.17,1.16
Water Works Park,Tampa,Riverfront park / spring restoration,7.4,250,All,reviewers,1,1,True,13.0,24.0,17.0,85.0,-57.0,13.0,24.0,-57.0,-63.08,-7.7,-8.5239,-59.2516,6,21,8.59,69.17,1.16
Water Works Park,Tampa,Riverfront park / spring restoration,7.4,250,All,checkins,1,1,True,38.0,62.0,54.0,118.0,-40.0,38.0,62.0,-40.0,-25.33,-5.41,-3.4236,-14.2248,6,21,8.59,69.17,1.16
Water Works Park,Tampa,Riverfront park / spring restoration,7.4,250,All,tips,1,1,True,5.0,4.0,5.0,13.0,-9.0,5.0,4.0,-9.0,-69.23,-1.22,-9.3555,-24.3243,6,21,8.59,69.17,1.16
Water Works Park,Tampa,Riverfront park / spring restoration,7.4,250,Higher,reviews,1,1,True,14.0,24.0,17.0,86.0,-59.0,14.0,24.0,-59.0,-66.11,-7.97,-8.9342,-56.9498,6,21,8.59,69.17,1.16
Water Works Park,Tampa,Riverfront park / spring restoration,7.4,250,Higher,reviewers,1,1,True,13.0,24.0,17.0,85.0,-57.0,13.0,24.0,-57.0,-63.08,-7.7,-8.5239,-59.2516,6,21,8.59,69.17,1.16
Water Works Park,Tampa,Riverfront park / spring restoration,7.4,250,Higher,checkins,1,1,True,38.0,62.0,54.0,118.0,-40.0,38.0,62.0,-40.0,-25.33,-5.41,-3.4236,-14.2248,6,21,8.59,69.17,1.16
Water Works Park,Tampa,Riverfront park / spring restoration,7.4,250,Higher,tips,1,1,True,5.0,4.0,5.0,13.0,-9.0,5.0,4.0,-9.0,-69.23,-1.22,-9.3555,-24.3243,6,21,8.59,69.17,1.16
Water Works Park,Tampa,Riverfront park / spring restoration,7.4,500,All,reviews,2,2,True,19.5,49.0,21.0,103.0,-52.5,39.0,98.0,-105.0,-48.77,-14.19,-6.5902,-36.3825,6,21,8.59,69.17,1.16
Water Works Park,Tampa,Riverfront park / spring restoration,7.4,500,All,reviewers,2,2,True,18.0,48.5,20.5,102.5,-51.5,36.0,97.0,-103.0,-46.11,-13.92,-6.2312,-38.6637,6,21,8.59,69.17,1.16
Water Works Park,Tampa,Riverfront park / spring restoration,7.4,500,All,checkins,2,2,True,80.0,108.0,63.0,180.0,-89.0,160.0,216.0,-178.0,-52.75,-24.05,-7.1284,-15.0338,6,21,8.59,69.17,1.16
Water Works Park,Tampa,Riverfront park / spring restoration,7.4,500,All,tips,2,2,True,4.5,6.0,8.0,14.5,-5.0,9.0,12.0,-10.0,-26.44,-1.35,-3.5725,-15.015,6,21,8.59,69.17,1.16
Water Works Park,Tampa,Riverfront park / spring restoration,7.4,500,Higher,reviews,2,2,True,19.5,49.0,21.0,103.0,-52.5,39.0,98.0,-105.0,-48.77,-14.19,-6.5902,-36.3825,6,21,8.59,69.17,1.16
Water Works Park,Tampa,Riverfront park / spring restoration,7.4,500,Higher,reviewers,2,2,True,18.0,48.5,20.5,102.5,-51.5,36.0,97.0,-103.0,-46.11,-13.92,-6.2312,-38.6637,6,21,8.59,69.17,1.16
Water Works Park,Tampa,Riverfront park / spring restoration,7.4,500,Higher,checkins,2,2,True,80.0,108.0,63.0,180.0,-89.0,160.0,216.0,-178.0,-52.75,-24.05,-7.1284,-15.0338,6,21,8.59,69.17,1.16
Water Works Park,Tampa,Riverfront park / spring restoration,7.4,500,Higher,tips,2,2,True,4.5,6.0,8.0,14.5,-5.0,9.0,12.0,-10.0,-26.44,-1.35,-3.5725,-15.015,6,21,8.59,69.17,1.16
Water Works Park,Tampa,Riverfront park / spring restoration,7.4,1000,All,reviews,23,20,False,16.348,30.174,17.348,58.0,-26.826,376.0,694.0,-617.0,-44.79,-83.38,-6.0532,-22.1751,6,21,8.59,69.17,1.16
Water Works Park,Tampa,Riverfront park / spring restoration,7.4,1000,All,reviewers,23,20,False,15.609,29.783,17.0,57.174,-26.0,359.0,685.0,-598.0,-43.27,-80.81,-5.8467,-22.51,6,21,8.59,69.17,1.16
Water Works Park,Tampa,Riverfront park / spring restoration,7.4,1000,All,checkins,23,20,False,59.565,113.435,112.087,213.957,-48.0,1370.0,2609.0,-1104.0,-0.23,-149.19,-0.0316,-10.8897,6,21,8.59,69.17,1.16
Water Works Park,Tampa,Riverfront park / spring restoration,7.4,1000,All,tips,23,20,False,5.304,4.522,9.826,8.957,0.087,122.0,104.0,2.0,-6.48,0.27,-0.8754,0.2215,6,21,8.59,69.17,1.16
Water Works Park,Tampa,Riverfront park / spring restoration,7.4,1000,Higher,reviews,23,20,False,16.348,30.174,17.348,58.0,-26.826,376.0,694.0,-617.0,-44.79,-83.38,-6.0532,-22.1751,6,21,8.59,69.17,1.16
Water Works Park,Tampa,Riverfront park / spring restoration,7.4,1000,Higher,reviewers,23,20,False,15.609,29.783,17.0,57.174,-26.0,359.0,685.0,-598.0,-43.27,-80.81,-5.8467,-22.51,6,21,8.59,69.17,1.16
Water Works Park,Tampa,Riverfront park / spring restoration,7.4,1000,Higher,checkins,23,20,False,59.565,113.435,112.087,213.957,-48.0,1370.0,2609.0,-1104.0,-0.23,-149.19,-0.0316,-10.8897,6,21,8.59,69.17,1.16
Water Works Park,Tampa,Riverfront park / spring restoration,7.4,1000,Higher,tips,23,20,False,5.304,4.522,9.826,8.957,0.087,122.0,104.0,2.0,-6.48,0.27,-0.8754,0.2215,6,21,8.59,69.17,1.16
Riverfront / Ascend,Nashville,Riverfront park / performance venue,52.0,250,All,reviews,21,20,False,26.333,71.048,26.571,26.81,44.476,553.0,1492.0,934.0,167.4,17.96,3.2193,3.248,123,202,1.31,0.65,0.025
Riverfront / Ascend,Nashville,Riverfront park / performance venue,52.0,250,All,reviewers,21,20,False,25.952,70.238,25.857,26.524,43.619,545.0,1475.0,916.0,163.84,17.62,3.1508,3.2322,123,202,1.31,0.65,0.025
Riverfront / Ascend,Nashville,Riverfront park / performance venue,52.0,250,All,checkins,21,20,False,94.905,116.714,106.762,38.857,89.714,1993.0,2451.0,1884.0,237.89,36.23,4.5749,1.8179,123,202,1.31,0.65,0.025
Riverfront / Ascend,Nashville,Riverfront park / performance venue,52.0,250,All,tips,21,20,False,13.286,5.333,14.952,2.762,4.238,279.0,112.0,89.0,117.33,1.71,2.2563,0.6135,123,202,1.31,0.65,0.025
Riverfront / Ascend,Nashville,Riverfront park / performance venue,52.0,250,Lower,reviews,3,3,True,12.333,10.667,13.0,11.667,-0.333,37.0,32.0,-1.0,-3.63,-0.02,-0.0698,-0.052,123,202,1.31,0.65,0.025
Riverfront / Ascend,Nashville,Riverfront park / performance venue,52.0,250,Lower,reviewers,3,3,True,12.333,10.667,13.0,11.667,-0.333,37.0,32.0,-1.0,-3.63,-0.02,-0.0698,-0.052,123,202,1.31,0.65,0.025
Riverfront / Ascend,Nashville,Riverfront park / performance venue,52.0,250,Lower,checkins,3,3,True,33.333,50.333,107.0,26.667,97.333,100.0,151.0,292.0,505.89,5.62,9.7286,5.6154,123,202,1.31,0.65,0.025
Riverfront / Ascend,Nashville,Riverfront park / performance venue,52.0,250,Lower,tips,3,3,True,6.333,1.333,5.333,0.0,0.333,19.0,4.0,1.0,,0.02,,0.1012,123,202,1.31,0.65,0.025
Riverfront / Ascend,Nashville,Riverfront park / performance venue,52.0,250,Higher,reviews,18,17,True,28.667,81.111,28.833,29.333,51.944,516.0,1460.0,935.0,178.12,17.98,3.4254,3.4846,123,202,1.31,0.65,0.025
Riverfront / Ascend,Nashville,Riverfront park / performance venue,52.0,250,Higher,reviewers,18,17,True,28.222,80.167,28.0,29.0,50.944,508.0,1443.0,917.0,174.26,17.63,3.3512,3.4714,123,202,1.31,0.65,0.025
Riverfront / Ascend,Nashville,Riverfront park / performance venue,52.0,250,Higher,checkins,18,17,True,105.167,127.778,106.722,40.889,88.444,1893.0,2300.0,1592.0,217.12,30.62,4.1754,1.6173,123,202,1.31,0.65,0.025
Riverfront / Ascend,Nashville,Riverfront park / performance venue,52.0,250,Higher,tips,18,17,True,14.444,6.0,16.556,3.222,4.889,260.0,108.0,88.0,113.42,1.69,2.1812,0.6509,123,202,1.31,0.65,0.025
Riverfront / Ascend,Nashville,Riverfront park / performance venue,52.0,500,All,reviews,85,69,False,27.353,65.918,27.047,29.682,35.929,2325.0,5603.0,3054.0,119.59,58.73,2.2999,2.5261,123,202,1.31,0.65,0.025
Riverfront / Ascend,Nashville,Riverfront park / performance venue,52.0,500,All,reviewers,85,69,False,26.976,65.424,26.329,29.329,35.447,2293.0,5561.0,3013.0,117.71,57.94,2.2637,2.5269,123,202,1.31,0.65,0.025
Riverfront / Ascend,Nashville,Riverfront park / performance venue,52.0,500,All,checkins,85,69,False,123.424,159.365,102.318,52.812,85.447,10491.0,13546.0,7263.0,150.16,139.67,2.8877,1.3314,123,202,1.31,0.65,0.025
Riverfront / Ascend,Nashville,Riverfront park / performance venue,52.0,500,All,tips,85,69,False,12.247,6.118,12.565,2.576,3.859,1041.0,520.0,328.0,143.6,6.31,2.7616,0.6059,123,202,1.31,0.65,0.025
Riverfront / Ascend,Nashville,Riverfront park / performance venue,52.0,500,Lower,reviews,25,24,False,40.72,96.8,37.44,55.72,37.8,1018.0,2420.0,945.0,59.73,18.17,1.1487,1.7852,123,202,1.31,0.65,0.025
Riverfront / Ascend,Nashville,Riverfront park / performance venue,52.0,500,Lower,reviewers,25,24,False,40.36,96.32,36.32,55.2,37.08,1009.0,2408.0,927.0,57.03,17.83,1.0967,1.7668,123,202,1.31,0.65,0.025
Riverfront / Ascend,Nashville,Riverfront park / performance venue,52.0,500,Lower,checkins,25,24,False,194.56,296.64,128.68,110.32,120.44,4864.0,7416.0,3011.0,77.84,57.9,1.497,1.1905,123,202,1.31,0.65,0.025
Riverfront / Ascend,Nashville,Riverfront park / performance venue,52.0,500,Lower,tips,25,24,False,18.28,10.28,16.88,4.32,4.56,457.0,257.0,114.0,119.74,2.19,2.3027,0.4797,123,202,1.31,0.65,0.025
Riverfront / Ascend,Nashville,Riverfront park / performance venue,52.0,500,Middle,reviews,2,2,True,45.5,86.0,53.0,32.0,61.5,91.0,172.0,123.0,213.05,2.37,4.0971,2.5993,123,202,1.31,0.65,0.025
Riverfront / Ascend,Nashville,Riverfront park / performance venue,52.0,500,Middle,reviewers,2,2,True,45.0,85.0,51.0,31.5,59.5,90.0,170.0,119.0,205.82,2.29,3.9581,2.5427,123,202,1.31,0.65,0.025
Riverfront / Ascend,Nashville,Riverfront park / performance venue,52.0,500,Middle,checkins,2,2,True,333.0,322.0,282.5,57.5,214.0,666.0,644.0,428.0,375.08,8.23,7.213,1.2359,123,202,1.31,0.65,0.025
Riverfront / Ascend,Nashville,Riverfront park / performance venue,52.0,500,Middle,tips,2,2,True,35.0,8.5,24.0,1.5,-4.0,70.0,17.0,-8.0,288.57,-0.15,5.5495,-0.2198,123,202,1.31,0.65,0.025
Riverfront / Ascend,Nashville,Riverfront park / performance venue,52.0,500,Higher,reviews,58,43,False,20.966,51.914,21.672,18.379,34.241,1216.0,3011.0,1986.0,191.98,38.19,3.692,3.1408,123,202,1.31,0.65,0.025
Riverfront / Ascend,Nashville,Riverfront park / performance venue,52.0,500,Higher,reviewers,58,43,False,20.586,51.431,21.172,18.103,33.914,1194.0,2983.0,1967.0,192.19,37.83,3.6959,3.1681,123,202,1.31,0.65,0.025
Riverfront / Ascend,Nashville,Riverfront park / performance venue,52.0,500,Higher,checkins,58,43,False,85.534,94.586,84.741,27.862,65.931,4961.0,5486.0,3824.0,236.33,73.54,4.5449,1.4823,123,202,1.31,0.65,0.025
Riverfront / Ascend,Nashville,Riverfront park / performance venue,52.0,500,Higher,tips,58,43,False,8.862,4.241,10.31,1.862,3.828,514.0,246.0,222.0,165.0,4.27,3.1731,0.8306,123,202,1.31,0.65,0.025
Riverfront / Ascend,Nashville,Riverfront park / performance venue,52.0,1000,All,reviews,154,112,False,24.162,52.974,22.805,39.065,12.552,3721.0,8158.0,1933.0,27.99,37.17,0.5382,0.999,123,202,1.31,0.65,0.025
Riverfront / Ascend,Nashville,Riverfront park / performance venue,52.0,1000,All,reviewers,154,112,False,23.669,52.565,22.182,38.565,12.513,3645.0,8095.0,1927.0,27.74,37.06,0.5334,1.0167,123,202,1.31,0.65,0.025
Riverfront / Ascend,Nashville,Riverfront park / performance venue,52.0,1000,All,checkins,154,112,False,107.201,127.188,98.643,63.786,54.844,16509.0,19587.0,8446.0,83.48,162.42,1.6054,0.9838,123,202,1.31,0.65,0.025
Riverfront / Ascend,Nashville,Riverfront park / performance venue,52.0,1000,All,tips,154,112,False,11.279,4.818,11.032,3.435,1.136,1737.0,742.0,175.0,37.2,3.37,0.7153,0.1937,123,202,1.31,0.65,0.025
Riverfront / Ascend,Nashville,Riverfront park / performance venue,52.0,1000,Lower,reviews,45,41,False,32.711,68.356,30.489,86.178,-20.044,1472.0,3076.0,-902.0,-26.07,-17.35,-0.5013,-1.1784,123,202,1.31,0.65,0.025
Riverfront / Ascend,Nashville,Riverfront park / performance venue,52.0,1000,Lower,reviewers,45,41,False,32.2,67.911,29.578,85.311,-20.022,1449.0,3056.0,-901.0,-26.88,-17.33,-0.5169,-1.1958,123,202,1.31,0.65,0.025
Riverfront / Ascend,Nashville,Riverfront park / performance venue,52.0,1000,Lower,checkins,45,41,False,164.956,214.089,109.289,145.311,13.111,7423.0,9634.0,590.0,-2.39,11.35,-0.0459,0.1529,123,202,1.31,0.65,0.025
Riverfront / Ascend,Nashville,Riverfront park / performance venue,52.0,1000,Lower,tips,45,41,False,17.644,7.089,14.289,7.689,-3.956,794.0,319.0,-178.0,-25.34,-3.42,-0.4873,-0.4311,123,202,1.31,0.65,0.025
Riverfront / Ascend,Nashville,Riverfront park / performance venue,52.0,1000,Middle,reviews,42,23,False,20.548,43.452,17.167,23.595,16.476,863.0,1825.0,692.0,53.86,13.31,1.0357,1.542,123,202,1.31,0.65,0.025
Riverfront / Ascend,Nashville,Riverfront park / performance venue,52.0,1000,Middle,reviewers,42,23,False,19.905,43.143,16.619,23.095,16.762,836.0,1812.0,704.0,55.97,13.54,1.0763,1.6194,123,202,1.31,0.65,0.025
Riverfront / Ascend,Nashville,Riverfront park / performance venue,52.0,1000,Middle,checkins,42,23,False,87.095,93.714,116.095,37.333,85.381,3658.0,3936.0,3586.0,234.6,68.96,4.5116,1.8852,123,202,1.31,0.65,0.025
Riverfront / Ascend,Nashville,Riverfront park / performance venue,52.0,1000,Middle,tips,42,23,False,8.833,3.571,9.095,1.571,2.262,371.0,150.0,95.0,134.01,1.83,2.5771,0.4924,123,202,1.31,0.65,0.025
Riverfront / Ascend,Nashville,Riverfront park / performance venue,52.0,1000,Higher,reviews,67,48,False,20.687,48.612,21.179,17.119,31.985,1386.0,3257.0,2143.0,190.72,41.21,3.6677,2.9734,123,202,1.31,0.65,0.025
Riverfront / Ascend,Nashville,Riverfront park / performance venue,52.0,1000,Higher,reviewers,67,48,False,20.299,48.164,20.701,16.866,31.701,1360.0,3227.0,2124.0,191.24,40.85,3.6778,3.0034,123,202,1.31,0.65,0.025
Riverfront / Ascend,Nashville,Riverfront park / performance venue,52.0,1000,Higher,checkins,67,48,False,81.015,89.806,80.552,25.612,63.731,5428.0,6017.0,4270.0,248.64,82.12,4.7815,1.5128,123,202,1.31,0.65,0.025
Riverfront / Ascend,Nashville,Riverfront park / performance venue,52.0,1000,Higher,tips,67,48,False,8.537,4.075,10.06,1.746,3.851,572.0,273.0,258.0,174.94,4.96,3.3643,0.8674,123,202,1.31,0.65,0.025
