project,radius_m,income_group,metric,pairs,near_change,control_change,contrast,low_support
Lafitte,250,All,compound,18,-0.04238191339909094,0.061822043801247624,-0.10420395720033857,True
Lafitte,250,All,stars,18,-0.05208431215801114,0.2610454228914612,-0.31312973504947234,True
Lafitte,250,Lower,compound,15,-0.0871816263479537,0.04915729020943628,-0.13633891655739,True
Lafitte,250,Lower,stars,15,-0.08410464619308498,0.23261415148588188,-0.3167187976789669,True
Lafitte,250,Middle,compound,3,0.18161665134522278,0.12514581176030434,0.05647083958491844,True
Lafitte,250,Middle,stars,3,0.10801735801735808,0.4032017799193577,-0.2951844219019996,True
Lafitte,250,Higher,compound,0,,,,True
Lafitte,250,Higher,stars,0,,,,True
Lafitte,500,All,compound,59,-0.05441332019209325,-0.005234712834991618,-0.04917860735710163,False
Lafitte,500,All,stars,59,0.024695394791099962,0.08454970972509813,-0.059854314933998176,False
Lafitte,500,Lower,compound,42,-0.04592247020376144,0.035919173032743855,-0.0818416432365053,False
Lafitte,500,Lower,stars,42,0.07674523097674214,0.09169068684771083,-0.014945455870968682,False
Lafitte,500,Middle,compound,16,-0.07149346241184214,-0.08143588487331756,0.00994242246147542,True
Lafitte,500,Middle,stars,16,-0.1200576606961856,0.1387973349693918,-0.2588549956655774,True
Lafitte,500,Higher,compound,1,-0.13774674418604654,-0.5144791666666667,0.37673242248062017,True
Lafitte,500,Higher,stars,1,0.15465116279069768,-1.0833333333333335,1.2379844961240312,True
Lafitte,1000,All,compound,349,-0.0532329096841223,-0.03345091807692906,-0.01978199160719324,False
Lafitte,1000,All,stars,349,0.02231548379090719,0.052468861211303695,-0.030153377420396504,False
Lafitte,1000,Lower,compound,93,-0.06677196034608679,-0.008323297309367208,-0.058448663036719584,False
Lafitte,1000,Lower,stars,93,-0.025793436109052336,0.030094902461528756,-0.05588833857058109,False
Lafitte,1000,Middle,compound,117,-0.059408402497072466,-0.025854123890566405,-0.03355427860650606,False
Lafitte,1000,Middle,stars,117,-0.027262525918174605,0.12262425057587044,-0.14988677649404505,False
Lafitte,1000,Higher,compound,139,-0.03897633147780673,-0.056657347222164194,0.017681015744357466,False
Lafitte,1000,Higher,stars,139,0.09623459664456767,0.008386829614719205,0.08784776702984846,False
Sun Link,250,All,compound,64,-0.12145016301283174,-0.11842030151497196,-0.003029861497859776,False
Sun Link,250,All,stars,64,-0.19528949194959244,-0.09847906889651671,-0.09681042305307573,False
Sun Link,250,Lower,compound,62,-0.13268199134071393,-0.10994209255055928,-0.022739898790154645,False
Sun Link,250,Lower,stars,62,-0.23047478347875816,-0.08248282127711273,-0.14799196220164543,False
Sun Link,250,Middle,compound,2,0.2267365151515152,-0.3812447794117647,0.6079812945632799,True
Sun Link,250,Middle,stars,2,0.8954545454545455,-0.5943627450980395,1.489817290552585,True
Sun Link,500,All,compound,75,-0.12038767550900263,-0.11420652413902686,-0.006181151369975768,False
Sun Link,500,All,stars,75,-0.14095242758831503,-0.06226183152748552,-0.07869059606082951,False
Sun Link,500,Lower,compound,73,-0.12989792730792094,-0.10689040755621214,-0.023007519751708796,False
Sun Link,500,Lower,stars,73,-0.16934713917853042,-0.047683724306374464,-0.12166341487215596,False
Sun Link,500,Middle,compound,2,0.2267365151515152,-0.3812447794117647,0.6079812945632799,True
Sun Link,500,Middle,stars,2,0.8954545454545455,-0.5943627450980395,1.489817290552585,True
Sun Link,1000,All,compound,89,-0.11638879946845111,-0.12547421255969643,0.009085413091245317,False
Sun Link,1000,All,stars,89,-0.12391028486827885,-0.08745836480800198,-0.036451920060276866,False
Sun Link,1000,Lower,compound,86,-0.1284637822547008,-0.11520755504638899,-0.013256227208311794,False
Sun Link,1000,Lower,stars,86,-0.15682134933641845,-0.0723263834618151,-0.08449496587460335,False
Sun Link,1000,Middle,compound,3,0.2297607070707071,-0.4197850612745098,0.6495457683452169,True
Sun Link,1000,Middle,stars,3,0.8195402298850576,-0.5212418300653597,1.3407820599504174,True
Dilworth Park,250,All,compound,49,-0.08816903524589344,-0.08237292779564592,-0.005796107450247515,False
Dilworth Park,250,All,stars,49,-0.16687044799777462,0.03899614400080126,-0.20586659199857588,False
Dilworth Park,250,Lower,compound,1,0.11031809523809522,-0.49667097902097906,0.6069890742590742,True
Dilworth Park,250,Lower,stars,1,0.057142857142857384,-0.6678321678321679,0.7249750249750253,True
Dilworth Park,250,Middle,compound,9,-0.08706511086880356,-0.03846882782208785,-0.048596283046715705,True
Dilworth Park,250,Middle,stars,9,-0.11745179591168725,0.1343715183401869,-0.25182331425187415,True
Dilworth Park,250,Higher,compound,39,-0.09351320062737542,-0.08188161621966358,-0.011631584407711837,False
Dilworth Park,250,Higher,stars,39,-0.1840186832263751,0.03511024509768582,-0.21912892832406092,False
Dilworth Park,500,All,compound,248,-0.09588773064799955,-0.06589043092657475,-0.0299972997214248,False
Dilworth Park,500,All,stars,248,-0.046626644201788546,-0.0002360845834846461,-0.0463905596183039,False
Dilworth Park,500,Lower,compound,1,0.11031809523809522,-0.49667097902097906,0.6069890742590742,True
Dilworth Park,500,Lower,stars,1,0.057142857142857384,-0.6678321678321679,0.7249750249750253,True
Dilworth Park,500,Middle,compound,83,-0.10297206788782662,-0.06447034618480386,-0.038501721703022754,False
Dilworth Park,500,Middle,stars,83,-0.0610721439180537,-0.03885787362548098,-0.022214270292572717,False
Dilworth Park,500,Higher,compound,164,-0.09355971744666083,-0.06398242169165146,-0.029577295755009378,False
Dilworth Park,500,Higher,stars,164,-0.039948552890170484,0.023381016475871333,-0.06332956936604181,False
Dilworth Park,1000,All,compound,504,-0.09890992563908413,-0.06356709120642016,-0.035342834432663964,False
Dilworth Park,1000,All,stars,504,-0.056805028729675,0.006659168062154158,-0.06346419679182916,False
Dilworth Park,1000,Lower,compound,1,0.11031809523809522,-0.49667097902097906,0.6069890742590742,True
Dilworth Park,1000,Lower,stars,1,0.057142857142857384,-0.6678321678321679,0.7249750249750253,True
Dilworth Park,1000,Middle,compound,205,-0.09917911036005465,-0.06439012846872304,-0.034788981891331616,False
Dilworth Park,1000,Middle,stars,205,-0.08000569558484441,-0.04852225111617051,-0.0314834444686739,False
Dilworth Park,1000,Higher,compound,298,-0.0994268556829708,-0.06154753910378041,-0.037879316579190386,False
Dilworth Park,1000,Higher,stars,298,-0.041227213899348865,0.046882934060311465,-0.08811014795966032,False
Water Works Park,250,All,compound,1,-0.12684940476190476,-0.15563994528043779,0.028790540518533025,True
Water Works Park,250,All,stars,1,0.017857142857142794,-0.31121751025991795,0.32907465311706074,True
Water Works Park,250,Higher,compound,1,-0.12684940476190476,-0.15563994528043779,0.028790540518533025,True
Water Works Park,250,Higher,stars,1,0.017857142857142794,-0.31121751025991795,0.32907465311706074,True
Water Works Park,500,All,compound,2,-0.06807443211068215,-0.05554272264021892,-0.012531709470463226,True
Water Works Park,500,All,stars,2,-0.07836872586872601,0.12439124487004105,-0.20275997073876706,True
Water Works Park,500,Higher,compound,2,-0.06807443211068215,-0.05554272264021892,-0.012531709470463226,True
Water Works Park,500,Higher,stars,2,-0.07836872586872601,0.12439124487004105,-0.20275997073876706,True
Water Works Park,1000,All,compound,13,-0.023176623902848657,-0.056031241209496215,0.03285461730664756,True
Water Works Park,1000,All,stars,13,0.1338357772612303,-0.2857414082637575,0.4195771855249878,True
Water Works Park,1000,Higher,compound,13,-0.023176623902848657,-0.056031241209496215,0.03285461730664756,True
Water Works Park,1000,Higher,stars,13,0.1338357772612303,-0.2857414082637575,0.4195771855249878,True
Riverfront / Ascend,250,All,compound,8,-0.08961921719637095,-0.12674443893478293,0.037125221738411984,True
Riverfront / Ascend,250,All,stars,8,-0.06308317249458523,-0.0833153162727574,0.020232143778172174,True
Riverfront / Ascend,250,Lower,compound,1,0.20540076923076922,-0.09607155425219938,0.3014723234829686,True
Riverfront / Ascend,250,Lower,stars,1,0.2384615384615385,-0.23460410557184774,0.47306564403338625,True
Riverfront / Ascend,250,Higher,compound,7,-0.13176492954310526,-0.13112627960372342,-0.0006386499393818412,True
Riverfront / Ascend,250,Higher,stars,7,-0.10616098834546005,-0.06170263208717307,-0.04445835625828698,True
Riverfront / Ascend,500,All,compound,45,-0.08692731303045066,-0.12149483852022579,0.034567525489775125,False
Riverfront / Ascend,500,All,stars,45,-0.049024049388418964,-0.08131557984299052,0.03229153045457156,False
Riverfront / Ascend,500,Lower,compound,20,-0.05381192288980581,-0.17510780451010866,0.12129588162030285,False
Riverfront / Ascend,500,Lower,stars,20,-0.004509505423029236,-0.15148836363921866,0.14697885821618942,False
Riverfront / Ascend,500,Middle,compound,1,-0.14635294117647057,-0.5728892857142857,0.4265363445378151,True
Riverfront / Ascend,500,Middle,stars,1,0.14005602240896398,-0.6468253968253967,0.7868814192343607,True
Riverfront / Ascend,500,Higher,compound,24,-0.11204740364157051,-0.05800926489557091,-0.0540381387459996,False
Riverfront / Ascend,500,Higher,stars,24,-0.09399783901780136,0.0007246490281331841,-0.09472248804593454,False
Riverfront / Ascend,1000,All,compound,79,-0.06188745051750995,-0.13826026629543808,0.07637281577792814,False
Riverfront / Ascend,1000,All,stars,79,0.03705865369269414,-0.06891505747613301,0.10597371116882714,False
Riverfront / Ascend,1000,Lower,compound,33,-0.04372994378596978,-0.11721398231972484,0.07348403853375506,False
Riverfront / Ascend,1000,Lower,stars,33,0.09224182690746281,-0.027230568815740094,0.11947239572320291,False
Riverfront / Ascend,1000,Middle,compound,18,-0.045308737308547786,-0.29883987626178027,0.2535311389532325,True
Riverfront / Ascend,1000,Middle,stars,18,0.0111180246095829,-0.34151336828155426,0.35263139289113715,True
Riverfront / Ascend,1000,Higher,compound,28,-0.09394511337115795,-0.059835066002737455,-0.03411004736842049,False
Riverfront / Ascend,1000,Higher,stars,28,-0.011302538899854568,0.057198566406174677,-0.06850110530602925,False
