project,income_group,check,pairs,distinct_controls,near_pre,near_post,control_pre,control_post,near_growth_pct,control_growth_pct,relative_growth_pct,log1p_contrast,absolute_contrast,near_zero_post,control_zero_post
Lafitte,All,Full cohort,142,80,23.612676056338028,38.99295774647887,21.08450704225352,25.880281690140844,65.13569937369519,22.745490981963922,34.535043244855345,0.3240940548241365,10.584507042253522,23,27
Lafitte,All,Remove top5% baseline review counts,134,72,16.53731343283582,23.05223880597015,15.14179104477612,17.48507462686567,39.39530685920578,15.475603745687527,20.71407495404547,0.3196318280109825,4.1716417910447765,23,27
Lafitte,All,Match distance <=1,106,68,26.08490566037736,44.075471698113205,24.31132075471698,32.716981132075475,68.96925858951175,34.57508731082655,25.557606512448604,0.08375209983700564,9.584905660377359,18,18
Lafitte,Lower,Full cohort,108,55,24.37037037037037,40.43518518518518,20.84259259259259,27.37037037037037,65.91945288753797,31.319413593958245,26.348000152181328,0.4239979623959496,9.537037037037036,16,22
Lafitte,Lower,Remove top5% baseline review counts,102,49,17.019607843137255,24.313725490196077,15.215686274509803,17.774509803921568,42.85714285714286,16.81701030927836,22.291387597510038,0.4375999167090831,4.735294117647059,16,22
Lafitte,Lower,Match distance <=1,74,45,28.513513513513512,48.66216216216216,25.18918918918919,37.391891891891895,70.66350710900475,48.4442060085837,14.968116100898033,0.13986830593115748,7.945945945945946,11,13
Lafitte,Middle,Full cohort,32,23,20.25,33.875,22.0625,22.09375,67.28395061728396,0.14164305949009304,67.04733965460036,-0.02435577736322231,13.59375,6,4
Lafitte,Middle,Remove top5% baseline review counts,30,21,13.8,18.233333333333334,15.1,16.866666666666667,32.12560386473431,11.699779249448138,18.286360772183063,-0.07643472088887128,2.6666666666666665,6,4
Lafitte,Middle,Match distance <=1,31,22,20.70967741935484,34.54838709677419,22.580645161290324,22.612903225806452,66.82242990654204,0.14285714285713347,66.58445211780233,-0.047501034070421236,13.806451612903226,6,4
Lafitte,Higher,Full cohort,2,2,36.5,43.0,18.5,6.0,17.808219178082197,-67.56756756756756,263.2420091324201,0.5044803609439681,19.0,1,1
Lafitte,Higher,Remove top5% baseline review counts,1,1,13.0,0.0,13.0,0.0,-100.0,-100.0,,0.0,0.0,1,1
Lafitte,Higher,Match distance <=1,1,1,13.0,0.0,13.0,0.0,-100.0,-100.0,,0.0,0.0,1,1
Sun Link,All,Full cohort,149,86,23.57046979865772,32.43624161073826,23.114093959731544,33.19463087248322,37.61389521640093,43.61207897793265,-4.176656869129647,-0.289886655088568,-1.2147651006711409,33,26
Sun Link,All,Remove top5% baseline review counts,141,82,18.595744680851062,23.70921985815603,18.56028368794326,27.872340425531913,27.498093058733808,50.171952617500956,-15.098598082771918,-0.3212332423266539,-4.198581560283688,33,26
Sun Link,All,Match distance <=1,141,80,24.29787234042553,33.723404255319146,23.76595744680851,34.09929078014184,38.79159369527145,43.47955834079378,-3.2673397519020986,-0.2722541359743503,-0.9078014184397163,31,25
Sun Link,Lower,Full cohort,140,80,24.32857142857143,33.66428571428571,23.557142857142857,34.878571428571426,38.373458602466215,48.059429957550016,-6.5419482959382265,-0.3748352233910728,-1.9857142857142858,31,22
Sun Link,Lower,Remove top5% baseline review counts,133,77,19.526315789473685,25.075187969924812,19.045112781954888,29.796992481203006,28.41740469772813,56.454796683774155,-17.92044256892621,-0.4111925903404175,-5.203007518796992,31,22
Sun Link,Lower,Match distance <=1,136,77,24.58823529411765,34.24264705882353,23.955882352941178,35.330882352941174,39.26435406698563,47.48311847759359,-5.572681467171847,-0.36520908322327955,-1.7205882352941178,30,21
Sun Link,Middle,Full cohort,9,6,11.777777777777779,13.333333333333334,16.22222222222222,7.0,13.207547169811317,-56.849315068493155,162.3539982030548,1.0315355185059516,10.777777777777779,2,4
Sun Link,Middle,Remove top5% baseline review counts,8,6,10.125,12.875,14.875,7.875,27.160493827160504,-47.05882352941176,140.19204389574762,0.7899174920629596,9.75,2,3
Sun Link,Middle,Match distance <=1,5,3,16.4,19.6,18.6,0.6,19.512195121951237,-96.7741935483871,3604.8780487804884,2.256120429196527,21.2,1,4
Dilworth Park,All,Full cohort,498,272,32.7289156626506,39.25100401606426,31.919678714859437,30.94578313253012,19.92760292042457,-3.0510820332159017,23.70184777256952,-0.11210261794375544,7.495983935742972,109,93
Dilworth Park,All,Remove top5% baseline review counts,473,262,23.9661733615222,25.80972515856237,23.708245243128964,24.141649048625794,7.692307692307687,1.8280720527911631,5.758957742493931,-0.10921777352531649,1.4101479915433404,107,92
Dilworth Park,All,Match distance <=1,489,270,32.789366053169736,39.58282208588957,32.190184049079754,31.27402862985685,20.718473244355717,-2.846070770599074,24.25485433462391,-0.11020852861808669,7.70961145194274,107,91
Dilworth Park,Lower,Full cohort,1,1,21.0,35.0,13.0,22.0,66.66666666666667,69.23076923076923,-1.5151515151515138,-0.00396040121609742,5.0,0,0
Dilworth Park,Lower,Remove top5% baseline review counts,1,1,21.0,35.0,13.0,22.0,66.66666666666667,69.23076923076923,-1.5151515151515138,-0.00396040121609742,5.0,0,0
Dilworth Park,Lower,Match distance <=1,1,1,21.0,35.0,13.0,22.0,66.66666666666667,69.23076923076923,-1.5151515151515138,-0.00396040121609742,5.0,0,0
Dilworth Park,Middle,Full cohort,171,85,36.8421052631579,54.432748538011694,36.36842105263158,32.941520467836256,47.74603174603173,-9.422736774401042,63.11602546219981,0.06495927673008448,21.017543859649123,35,30
Dilworth Park,Middle,Remove top5% baseline review counts,162,82,26.5,33.611111111111114,26.679012345679013,26.48148148148148,26.834381551362686,-0.7403979639056035,27.78046551631459,0.06789976304475705,7.308641975308642,34,30
Dilworth Park,Middle,Match distance <=1,169,85,37.16568047337278,55.0,36.72781065088758,33.27218934911242,47.985989492119096,-9.40873207668762,63.35568856083644,0.07610152661163957,21.28994082840237,34,30
Dilworth Park,Higher,Full cohort,326,186,30.607361963190183,31.300613496932517,29.644171779141104,29.926380368098158,2.2649829625175366,0.9519867549668826,1.3006145294966798,-0.20531036704177466,0.4110429447852761,74,63
Dilworth Park,Higher,Remove top5% baseline review counts,309,179,22.436893203883496,21.566343042071196,22.042071197411005,22.631067961165048,-3.8799942304918567,2.672147995888996,-6.381616002270841,-0.20043172698137654,-1.4595469255663431,73,62
Dilworth Park,Higher,Match distance <=1,319,184,30.50783699059561,31.429467084639498,29.846394984326018,30.244514106583072,3.0209617755857066,1.3338934985820838,1.6648608069394166,-0.2092450410357221,0.5235109717868338,73,61
Water Works Park,All,Full cohort,2,2,19.5,49.0,21.0,103.0,151.28205128205127,390.4761904761905,-48.767737117251684,-0.77150658452643,-52.5,0,0
Water Works Park,All,Remove top5% baseline review counts,1,1,14.0,24.0,17.0,86.0,71.42857142857142,405.88235294117646,-66.11295681063123,-1.0647107369924287,-59.0,0,0
Water Works Park,All,Match distance <=1,2,2,19.5,49.0,21.0,103.0,151.28205128205127,390.4761904761905,-48.767737117251684,-0.77150658452643,-52.5,0,0
Water Works Park,Higher,Full cohort,2,2,19.5,49.0,21.0,103.0,151.28205128205127,390.4761904761905,-48.767737117251684,-0.77150658452643,-52.5,0,0
Water Works Park,Higher,Remove top5% baseline review counts,1,1,14.0,24.0,17.0,86.0,71.42857142857142,405.88235294117646,-66.11295681063123,-1.0647107369924287,-59.0,0,0
Water Works Park,Higher,Match distance <=1,2,2,19.5,49.0,21.0,103.0,151.28205128205127,390.4761904761905,-48.767737117251684,-0.77150658452643,-52.5,0,0
Riverfront / Ascend,All,Full cohort,85,69,27.352941176470587,65.91764705882353,27.04705882352941,29.68235294117647,140.98924731182797,9.743366681165732,119.59345206892289,0.5191146457418766,35.92941176470588,17,18
Riverfront / Ascend,All,Remove top5% baseline review counts,80,64,21.75,47.9,22.2,22.4875,120.22988505747128,1.2950450450450512,117.4142722968699,0.5498237916915805,25.8625,17,18
Riverfront / Ascend,All,Match distance <=1,82,66,28.134146341463413,68.14634146341463,27.573170731707318,30.51219512195122,142.2193324664066,10.659000442282164,118.88805383954653,0.5269528810044919,37.073170731707314,17,18
Riverfront / Ascend,Lower,Full cohort,25,24,40.72,96.8,37.44,55.72,137.72102161100196,48.82478632478633,59.7321437386201,0.14920103221510886,37.8,2,2
Riverfront / Ascend,Lower,Remove top5% baseline review counts,23,22,30.869565217391305,69.34782608695652,29.304347826086957,43.47826086956522,124.64788732394365,48.36795252225519,51.412676056338036,0.10280232654726378,24.304347826086957,2,2
Riverfront / Ascend,Lower,Match distance <=1,25,24,40.72,96.8,37.44,55.72,137.72102161100196,48.82478632478633,59.7321437386201,0.14920103221510886,37.8,2,2
Riverfront / Ascend,Middle,Full cohort,2,2,45.5,86.0,53.0,32.0,89.01098901098901,-39.62264150943396,213.04945054945054,2.1431279257244658,61.5,0,0
Riverfront / Ascend,Middle,Remove top5% baseline review counts,1,1,21.0,51.0,28.0,63.0,142.85714285714283,125.0,7.9365079365079305,0.06861401184991411,-5.0,0,0
Riverfront / Ascend,Middle,Match distance <=1,2,2,45.5,86.0,53.0,32.0,89.01098901098901,-39.62264150943396,213.04945054945054,2.1431279257244658,61.5,0,0
Riverfront / Ascend,Higher,Full cohort,58,43,20.96551724137931,51.91379310344828,21.67241379310345,18.379310344827587,147.6151315789474,-15.19490851233094,191.9814450232053,0.6225597108833253,34.241379310344826,15,16
Riverfront / Ascend,Higher,Remove top5% baseline review counts,55,40,17.2,38.72727272727273,17.745454545454546,12.963636363636363,125.15856236786469,-26.946721311475418,208.21144021183167,0.6828778794302934,26.30909090909091,15,16
Riverfront / Ascend,Higher,Match distance <=1,55,40,21.78181818181818,54.472727272727276,22.163636363636364,19.0,150.08347245409018,-14.273995077932733,191.724165475154,0.639888265191667,35.85454545454545,15,16
