project,unit,field,records,missing
Lafitte,Businesses within8km,postal_code,5827,0
Lafitte,Businesses within8km,categories,5827,1
Lafitte,Businesses within8km,latitude,5827,0
Lafitte,Businesses within8km,longitude,5827,0
Lafitte,Near pre/post reviews,stars,12400,0
Lafitte,Near pre/post reviews,compound,12400,0
Lafitte,Near pre/post reviews,word_count,12400,0
Sun Link,Businesses within8km,postal_code,5275,0
Sun Link,Businesses within8km,categories,5275,2
Sun Link,Businesses within8km,latitude,5275,0
Sun Link,Businesses within8km,longitude,5275,0
Sun Link,Near pre/post reviews,stars,14722,0
Sun Link,Near pre/post reviews,compound,14722,0
Sun Link,Near pre/post reviews,word_count,14722,0
Dilworth Park,Businesses within8km,postal_code,10804,8
Dilworth Park,Businesses within8km,categories,10804,6
Dilworth Park,Businesses within8km,latitude,10804,0
Dilworth Park,Businesses within8km,longitude,10804,0
Dilworth Park,Near pre/post reviews,stars,53824,0
Dilworth Park,Near pre/post reviews,compound,53824,0
Dilworth Park,Near pre/post reviews,word_count,53824,0
Water Works Park,Businesses within8km,postal_code,4453,3
Water Works Park,Businesses within8km,categories,4453,4
Water Works Park,Businesses within8km,latitude,4453,0
Water Works Park,Businesses within8km,longitude,4453,0
Water Works Park,Near pre/post reviews,stars,1233,0
Water Works Park,Near pre/post reviews,compound,1233,0
Water Works Park,Near pre/post reviews,word_count,1233,0
Riverfront / Ascend,Businesses within8km,postal_code,4817,4
Riverfront / Ascend,Businesses within8km,categories,4817,2
Riverfront / Ascend,Businesses within8km,latitude,4817,0
Riverfront / Ascend,Businesses within8km,longitude,4817,0
Riverfront / Ascend,Near pre/post reviews,stars,15717,0
Riverfront / Ascend,Near pre/post reviews,compound,15717,0
Riverfront / Ascend,Near pre/post reviews,word_count,15717,0
