project,stars,reviews
Lafitte,5.0,6517
Lafitte,4.0,2829
Lafitte,3.0,1227
Lafitte,1.0,1039
Lafitte,2.0,788
Sun Link,5.0,6213
Sun Link,4.0,4042
Sun Link,3.0,1797
Sun Link,1.0,1442
Sun Link,2.0,1228
Dilworth Park,5.0,20662
Dilworth Park,4.0,15893
Dilworth Park,3.0,7463
Dilworth Park,1.0,5207
Dilworth Park,2.0,4599
Water Works Park,5.0,564
Water Works Park,4.0,334
Water Works Park,3.0,156
Water Works Park,1.0,96
Water Works Park,2.0,83
Riverfront / Ascend,5.0,6812
Riverfront / Ascend,4.0,4099
Riverfront / Ascend,3.0,1933
Riverfront / Ascend,1.0,1624
Riverfront / Ascend,2.0,1249
