dimension,group,metric,near_businesses,comparison_businesses,near_pre,near_post,comparison_pre,comparison_post,near_growth_pct,comparison_growth_pct,relative_growth_pct
income_group,Higher,reviews,2,178,0.0,2.0,510.0,1794.0,,251.76470588235293,
income_group,Higher,reviewers,2,178,0.0,2.0,494.0,1737.0,,251.6194331983806,
income_group,Higher,checkins,2,178,0.0,0.0,1444.0,4093.0,,183.44875346260386,
income_group,Higher,tips,2,178,0.0,0.0,137.0,205.0,,49.635036496350374,
income_group,Lower,reviews,631,3679,3620.0,10248.0,8703.0,30259.0,183.0939226519337,247.6847064230725,-18.57740147262702
income_group,Lower,reviewers,631,3679,3479.0,10050.0,8411.0,29545.0,188.876113825812,251.26619902508617,-17.76148270810949
income_group,Lower,checkins,631,3679,11501.0,30235.0,26236.0,64497.0,162.89018346230765,145.8339685927733,6.938103374065507
income_group,Lower,tips,631,3679,1424.0,1206.0,2782.0,3715.0,-15.30898876404494,33.537023723939605,-36.578629001769315
income_group,Middle,reviews,50,272,129.0,572.0,734.0,2226.0,343.41085271317826,203.26975476839237,46.21004757029328
income_group,Middle,reviewers,50,272,123.0,554.0,691.0,2164.0,350.4065040650406,213.16931982633864,43.822039883984786
income_group,Middle,checkins,50,272,392.0,1710.0,2699.0,5264.0,336.2244897959184,95.03519822156355,123.664494293158
income_group,Middle,tips,50,272,50.0,77.0,233.0,287.0,54.0,23.175965665236053,25.024390243902438
income_group,Unknown,reviews,34,22,58.0,121.0,10.0,115.0,108.62068965517241,1050.0,-81.85907046476761
income_group,Unknown,reviewers,34,22,52.0,117.0,10.0,115.0,125.0,1050.0,-80.43478260869566
income_group,Unknown,checkins,34,22,1134.0,1147.0,109.0,127.0,1.1463844797178213,16.5137614678899,-13.18932355677761
income_group,Unknown,tips,34,22,33.0,25.0,2.0,7.0,-24.242424242424242,250.0,-78.35497835497836
category,Food/drink,reviews,403,1342,3265.0,9466.0,7628.0,22232.0,189.92343032159263,191.45254326166756,-0.5246524607273928
category,Food/drink,reviewers,403,1342,3142.0,9281.0,7340.0,21745.0,195.3851050286442,196.25340599455038,-0.29309400274782904
category,Food/drink,checkins,403,1342,10257.0,28715.0,21957.0,55915.0,179.9551525787267,154.6568292571845,9.934280339284673
category,Food/drink,tips,403,1342,1285.0,1166.0,2324.0,3094.0,-9.26070038910506,33.13253012048192,-31.84287902530063
category,Other,reviews,83,1221,55.0,316.0,713.0,4818.0,474.5454545454545,575.7363253856943,-14.974904713385417
category,Other,reviewers,83,1221,52.0,309.0,690.0,4674.0,494.2307692307692,577.3913043478261,-12.276587340772194
category,Other,checkins,83,1221,1124.0,1017.0,1771.0,2801.0,-9.519572953736654,58.15923207227556,-42.79156147842471
category,Other,tips,83,1221,40.0,18.0,136.0,336.0,-55.00000000000001,147.05882352941177,-81.78571428571428
category,Personal services,reviews,62,596,104.0,329.0,455.0,3094.0,216.34615384615384,580.0,-53.47850678733032
category,Personal services,reviewers,62,596,98.0,314.0,447.0,3003.0,220.4081632653061,571.8120805369127,-52.30687679667272
category,Personal services,checkins,62,596,214.0,471.0,1027.0,4157.0,120.09345794392523,304.7711781888997,-45.62521498474591
category,Personal services,tips,62,596,33.0,30.0,117.0,312.0,-9.090909090909093,166.66666666666666,-65.9090909090909
category,Shopping,reviews,91,757,189.0,383.0,755.0,2946.0,102.64550264550265,290.19867549668874,-48.06607111427207
category,Shopping,reviewers,91,757,179.0,380.0,736.0,2873.0,112.29050279329611,290.35326086956525,-45.6157987971229
category,Shopping,checkins,91,757,406.0,984.0,3320.0,6004.0,142.36453201970446,80.8433734939759,34.01902836532624
category,Shopping,tips,91,757,36.0,40.0,208.0,324.0,11.111111111111116,55.769230769230774,-28.66941015089163
category,Travel/leisure,reviews,78,235,194.0,449.0,406.0,1304.0,131.44329896907217,221.1822660098522,-27.940199860856364
category,Travel/leisure,reviewers,78,235,183.0,439.0,393.0,1266.0,139.89071038251367,222.13740458015266,-25.531556729598826
category,Travel/leisure,checkins,78,235,1026.0,1905.0,2413.0,5104.0,85.67251461988303,111.52092830501452,-12.220262974573327
category,Travel/leisure,tips,78,235,113.0,54.0,369.0,148.0,-52.212389380530965,-59.891598915989164,19.146137287730202
