radius_m,scope,metric,period,near_businesses,comparison_businesses,near_pre,near_post,comparison_pre,comparison_post,near_growth_pct,comparison_growth_pct,relative_growth_pct
100,All listed businesses,reviews,post,441,4151,2857.0,7920.0,9957.0,34394.0,177.21386069303463,245.42532891433163,-19.74709510610729
100,All listed businesses,reviews,late,441,4151,2857.0,8812.0,9957.0,43002.0,208.43542177108856,331.87707140705027,-28.582589308061745
100,All listed businesses,reviewers,post,441,4151,2747.0,7754.0,9606.0,33561.0,182.27156898434654,249.37539038101187,-19.206796827757422
100,All listed businesses,reviewers,late,441,4151,2747.0,8651.0,9606.0,41831.0,214.92537313432837,335.46741619820943,-27.681070633540717
100,All listed businesses,checkins,post,441,4151,9376.0,24082.0,30488.0,73981.0,156.84726962457339,142.6561270007872,5.848252339303239
100,All listed businesses,checkins,late,441,4151,9376.0,15545.0,30488.0,47828.0,65.79564846416382,56.87483600104959,5.686579626482957
100,All listed businesses,tips,post,441,4151,1142.0,949.0,3154.0,4214.0,-16.900175131348515,33.608116677235266,-37.80331095497704
100,All listed businesses,tips,late,441,4151,1142.0,902.0,3154.0,3814.0,-21.01576182136602,20.92580849714647,-34.68372123350508
100,Exclude location-flagged listings,reviews,post,440,4130,2857.0,7920.0,9951.0,34291.0,177.21386069303463,244.59853281077278,-19.55454411488765
100,Exclude location-flagged listings,reviews,late,440,4130,2857.0,8812.0,9951.0,42839.0,208.43542177108856,330.49944729172944,-28.35404929984121
100,Exclude location-flagged listings,reviewers,post,440,4130,2747.0,7754.0,9600.0,33458.0,182.27156898434654,248.52083333333334,-19.008695610923343
100,Exclude location-flagged listings,reviewers,late,440,4130,2747.0,8651.0,9600.0,41672.0,214.92537313432837,334.0833333333333,-27.450480368363593
100,Exclude location-flagged listings,checkins,post,440,4130,9376.0,24082.0,30481.0,73884.0,156.84726962457339,142.39362225648767,5.962882700268279
100,Exclude location-flagged listings,checkins,late,440,4130,9376.0,15545.0,30481.0,47721.0,65.79564846416382,56.55982415275089,5.899230125860266
100,Exclude location-flagged listings,tips,post,440,4130,1142.0,949.0,3153.0,4208.0,-16.900175131348515,33.46019663812243,-37.73437552023334
100,Exclude location-flagged listings,tips,late,440,4130,1142.0,902.0,3153.0,3804.0,-21.01576182136602,20.647002854424358,-34.532780500201646
100,At least1 baseline review,reviews,post,192,1459,2857.0,3766.0,9957.0,18729.0,31.816590829541468,88.09882494727329,-29.92162983129134
100,At least1 baseline review,reviews,late,192,1459,2857.0,3302.0,9957.0,18611.0,15.575778788939454,86.91372903484987,-38.16624418884154
100,At least1 baseline review,reviewers,post,192,1459,2747.0,3695.0,9606.0,18309.0,34.5103749544958,90.5996252342286,-29.427786235573393
100,At least1 baseline review,reviewers,late,192,1459,2747.0,3244.0,9606.0,18149.0,18.09246450673463,88.93399958359358,-37.495387401416444
100,At least1 baseline review,checkins,post,192,1459,9325.0,12752.0,29024.0,46222.0,36.75067024128686,59.254410143329665,-14.130685537555498
100,At least1 baseline review,checkins,late,192,1459,9325.0,6334.0,29024.0,25051.0,-32.07506702412869,-13.688671444321942,-21.30241289003677
100,At least1 baseline review,tips,post,192,1459,1134.0,433.0,3058.0,2254.0,-61.81657848324515,-26.291693917593197,-48.196582520746965
100,At least1 baseline review,tips,late,192,1459,1134.0,289.0,3058.0,1697.0,-74.51499118165785,-44.50621321124918,-54.075924003246726
100,At least5 baseline reviews,reviews,post,116,488,2707.0,3434.0,8197.0,13095.0,26.856298485408203,59.75356837867511,-20.592510218794114
100,At least5 baseline reviews,reviews,late,116,488,2707.0,3009.0,8197.0,12411.0,11.156261544144819,51.409052092228855,-26.585458393573834
100,At least5 baseline reviews,reviewers,post,116,488,2600.0,3376.0,7871.0,12821.0,29.846153846153854,62.889086520137205,-20.285541149436316
100,At least5 baseline reviews,reviewers,late,116,488,2600.0,2953.0,7871.0,12130.0,13.576923076923087,54.110024139245326,-26.301404654702253
100,At least5 baseline reviews,checkins,post,116,488,8782.0,12024.0,22346.0,34957.0,36.91641994989752,56.43515618007697,-12.477205704139093
100,At least5 baseline reviews,checkins,late,116,488,8782.0,5922.0,22346.0,19328.0,-32.56661352767023,-13.50577284525195,-22.037124683843068
100,At least5 baseline reviews,tips,post,116,488,1074.0,400.0,2546.0,1604.0,-62.75605214152699,-36.99921445404556,-40.88335957127666
100,At least5 baseline reviews,tips,late,116,488,1074.0,256.0,2546.0,1192.0,-76.16387337057728,-53.18146111547526,-49.088273155612214
250,All listed businesses,reviews,post,583,4151,3263.0,9395.0,9957.0,34394.0,187.92522218817038,245.42532891433163,-16.646175573425236
250,All listed businesses,reviews,late,583,4151,3263.0,10415.0,9957.0,43002.0,219.18479926448055,331.87707140705027,-26.09359922151451
250,All listed businesses,reviewers,post,583,4151,3128.0,9201.0,9606.0,33561.0,194.14961636828644,249.37539038101187,-15.807001733149795
250,All listed businesses,reviewers,late,583,4151,3128.0,10224.0,9606.0,41831.0,226.8542199488491,335.46741619820943,-24.94175045232855
250,All listed businesses,checkins,post,583,4151,11623.0,29422.0,30488.0,73981.0,153.13602340187558,142.6561270007872,4.318826205057813
250,All listed businesses,checkins,late,583,4151,11623.0,18371.0,30488.0,47828.0,58.05730018067625,56.87483600104959,0.7537628148460707
250,All listed businesses,tips,post,583,4151,1320.0,1153.0,3154.0,4214.0,-12.651515151515147,33.608116677235266,-34.62336943233954
250,All listed businesses,tips,late,583,4151,1320.0,1026.0,3154.0,3814.0,-22.272727272727277,20.92580849714647,-35.7231729989989
250,Exclude location-flagged listings,reviews,post,578,4130,3260.0,9390.0,9951.0,34291.0,188.03680981595093,244.59853281077278,-16.413802616472907
250,Exclude location-flagged listings,reviews,late,578,4130,3260.0,10411.0,9951.0,42839.0,219.35582822085888,330.49944729172944,-25.817366263783768
250,Exclude location-flagged listings,reviewers,post,578,4130,3125.0,9196.0,9600.0,33458.0,194.272,248.52083333333334,-15.565449219917515
250,Exclude location-flagged listings,reviewers,late,578,4130,3125.0,10220.0,9600.0,41672.0,227.04,334.0833333333333,-24.65962756767134
250,Exclude location-flagged listings,checkins,post,578,4130,11609.0,29408.0,30481.0,73884.0,153.3206994573176,142.39362225648767,4.507988741249758
250,Exclude location-flagged listings,checkins,late,578,4130,11609.0,18366.0,30481.0,47721.0,58.20484107158239,56.55982415275089,1.050727367467208
250,Exclude location-flagged listings,tips,post,578,4130,1319.0,1151.0,3153.0,4208.0,-12.73692191053829,33.46019663812243,-34.614903703404764
250,Exclude location-flagged listings,tips,late,578,4130,1319.0,1026.0,3153.0,3804.0,-22.213798332069747,20.647002854424358,-35.52579025789062
250,At least1 baseline review,reviews,post,242,1459,3263.0,4486.0,9957.0,18729.0,37.48084584737972,88.09882494727329,-26.91031116971756
250,At least1 baseline review,reviews,late,242,1459,3263.0,4051.0,9957.0,18611.0,24.149555623659214,86.91372903484987,-33.579220603687354
250,At least1 baseline review,reviewers,post,242,1459,3128.0,4403.0,9606.0,18309.0,40.760869565217384,90.5996252342286,-26.148401712628853
250,At least1 baseline review,reviewers,late,242,1459,3128.0,3979.0,9606.0,18149.0,27.205882352941167,88.93399958359358,-32.67178875517368
250,At least1 baseline review,checkins,post,242,1459,11514.0,15695.0,29024.0,46222.0,36.31231544207052,59.254410143329665,-14.405939955201962
250,At least1 baseline review,checkins,late,242,1459,11514.0,7890.0,29024.0,25051.0,-31.474726420010423,-13.688671444321942,-20.606860389380966
250,At least1 baseline review,tips,post,242,1459,1310.0,511.0,3058.0,2254.0,-60.99236641221374,-26.291693917593197,-47.07837466217818
250,At least1 baseline review,tips,late,242,1459,1310.0,336.0,3058.0,1697.0,-74.35114503816793,-44.50621321124918,-53.78067267337511
250,At least5 baseline reviews,reviews,post,135,488,3050.0,3963.0,8197.0,13095.0,29.934426229508194,59.75356837867511,-18.665712729799257
250,At least5 baseline reviews,reviews,late,135,488,3050.0,3549.0,8197.0,12411.0,16.36065573770491,51.409052092228855,-23.148151230201663
250,At least5 baseline reviews,reviewers,post,135,488,2920.0,3898.0,7871.0,12821.0,33.49315068493151,62.889086520137205,-18.046596284135717
250,At least5 baseline reviews,reviewers,late,135,488,2920.0,3480.0,7871.0,12130.0,19.17808219178083,54.110024139245326,-22.666885001524573
250,At least5 baseline reviews,checkins,post,135,488,10426.0,13989.0,22346.0,34957.0,34.17417993477845,56.43515618007697,-14.230162061316499
250,At least5 baseline reviews,checkins,late,135,488,10426.0,6967.0,22346.0,19328.0,-33.176673700364475,-13.50577284525195,-22.742443631433396
250,At least5 baseline reviews,tips,post,135,488,1207.0,448.0,2546.0,1604.0,-62.88318144159072,-36.99921445404556,-41.08514959494387
250,At least5 baseline reviews,tips,late,135,488,1207.0,284.0,2546.0,1192.0,-76.47058823529412,-53.18146111547526,-49.743387287801035
500,All listed businesses,reviews,post,717,4151,3807.0,10943.0,9957.0,34394.0,187.44418177042292,245.42532891433163,-16.785435893234258
500,All listed businesses,reviews,late,717,4151,3807.0,12472.0,9957.0,43002.0,227.60703966377727,331.87707140705027,-24.143451608477974
500,All listed businesses,reviewers,post,717,4151,3654.0,10723.0,9606.0,33561.0,193.4592227695676,249.37539038101187,-16.00460969802847
500,All listed businesses,reviewers,late,717,4151,3654.0,12218.0,9606.0,41831.0,234.37328954570336,335.46741619820943,-23.215084043507773
500,All listed businesses,checkins,post,717,4151,13027.0,33092.0,30488.0,73981.0,154.02625316650034,142.6561270007872,4.685695064141626
500,All listed businesses,checkins,late,717,4151,13027.0,20939.0,30488.0,47828.0,60.73539571658861,56.87483600104959,2.460917132377549
500,All listed businesses,tips,post,717,4151,1507.0,1308.0,3154.0,4214.0,-13.205043132050431,33.608116677235266,-35.0376616133097
500,All listed businesses,tips,late,717,4151,1507.0,1190.0,3154.0,3814.0,-21.03516921035169,20.92580849714647,-34.699770238450235
500,Exclude location-flagged listings,reviews,post,710,4130,3804.0,10918.0,9951.0,34291.0,187.0136698212408,244.59853281077278,-16.710710437398525
500,Exclude location-flagged listings,reviews,late,710,4130,3804.0,12439.0,9951.0,42839.0,226.99789695057834,330.49944729172944,-24.04220283958064
500,Exclude location-flagged listings,reviewers,post,710,4130,3651.0,10698.0,9600.0,33458.0,193.0156121610518,248.52083333333334,-15.925940679475847
500,Exclude location-flagged listings,reviewers,late,710,4130,3651.0,12185.0,9600.0,41672.0,233.74417967680085,334.0833333333333,-23.115182259135914
500,Exclude location-flagged listings,checkins,post,710,4130,13013.0,33074.0,30481.0,73884.0,154.16122339199262,142.39362225648767,4.8547486629219705
500,Exclude location-flagged listings,checkins,late,710,4130,13013.0,20933.0,30481.0,47721.0,60.86221470836855,56.55982415275089,2.7480808559288805
500,Exclude location-flagged listings,tips,post,710,4130,1506.0,1306.0,3153.0,4208.0,-13.280212483399733,33.46019663812243,-35.021984306121524
500,Exclude location-flagged listings,tips,late,710,4130,1506.0,1190.0,3153.0,3804.0,-20.982735723771583,20.647002854424358,-34.5054063451766
500,At least1 baseline review,reviews,post,278,1459,3807.0,5534.0,9957.0,18729.0,45.36380351983189,88.09882494727329,-22.719451564580805
500,At least1 baseline review,reviews,late,278,1459,3807.0,5227.0,9957.0,18611.0,37.2997110585763,86.91372903484987,-26.54380618933726
500,At least1 baseline review,reviewers,post,278,1459,3654.0,5433.0,9606.0,18309.0,48.68637110016421,90.5996252342286,-21.990208051331184
500,At least1 baseline review,reviewers,late,278,1459,3654.0,5116.0,9606.0,18149.0,40.01094690749862,88.93399958359358,-25.89425555163195
500,At least1 baseline review,checkins,post,278,1459,12886.0,18700.0,29024.0,46222.0,45.11873350923483,59.254410143329665,-8.876160240317777
500,At least1 baseline review,checkins,late,278,1459,12886.0,9681.0,29024.0,25051.0,-24.871954058668322,-13.688671444321942,-12.95691168411598
500,At least1 baseline review,tips,post,278,1459,1494.0,621.0,3058.0,2254.0,-58.43373493975903,-26.291693917593197,-43.607081386771576
500,At least1 baseline review,tips,late,278,1459,1494.0,435.0,3058.0,1697.0,-70.88353413654617,-44.50621321124918,-47.53202556839023
500,At least5 baseline reviews,reviews,post,154,488,3558.0,4856.0,8197.0,13095.0,36.48116919617763,59.75356837867511,-14.56768660549308
500,At least5 baseline reviews,reviews,late,154,488,3558.0,4528.0,8197.0,12411.0,27.262507026419346,51.409052092228855,-15.947887350289303
500,At least5 baseline reviews,reviewers,post,154,488,3410.0,4780.0,7871.0,12821.0,40.175953079178896,62.889086520137205,-13.943925849292793
500,At least5 baseline reviews,reviewers,late,154,488,3410.0,4434.0,7871.0,12130.0,30.029325513196483,54.110024139245326,-15.625653659161621
500,At least5 baseline reviews,checkins,post,154,488,11564.0,16559.0,22346.0,34957.0,43.194396402628854,56.43515618007697,-8.464056354574357
500,At least5 baseline reviews,checkins,late,154,488,11564.0,8518.0,22346.0,19328.0,-26.340366655136627,-13.50577284525195,-14.838671009710414
500,At least5 baseline reviews,tips,post,154,488,1374.0,536.0,2546.0,1604.0,-60.98981077147017,-36.99921445404556,-38.079836798106626
500,At least5 baseline reviews,tips,late,154,488,1374.0,367.0,2546.0,1192.0,-73.2896652110626,-53.18146111547526,-42.94923458671591
1000,All listed businesses,reviews,post,909,4151,4342.0,12548.0,9957.0,34394.0,188.9912482726854,245.42532891433163,-16.337562974613938
1000,All listed businesses,reviews,late,909,4151,4342.0,14417.0,9957.0,43002.0,232.0359281437126,331.87707140705027,-23.11795412941383
1000,All listed businesses,reviewers,post,909,4151,4169.0,12288.0,9606.0,33561.0,194.74694171264093,249.37539038101187,-15.63603223707194
1000,All listed businesses,reviewers,late,909,4151,4169.0,14117.0,9606.0,41831.0,238.618373710722,335.46741619820943,-22.24025010482189
1000,All listed businesses,checkins,post,909,4151,14608.0,36955.0,30488.0,73981.0,152.9778203723987,142.6561270007872,4.253629817300264
1000,All listed businesses,checkins,late,909,4151,14608.0,23108.0,30488.0,47828.0,58.18729463307777,56.87483600104959,0.8366278910528324
1000,All listed businesses,tips,post,909,4151,1654.0,1468.0,3154.0,4214.0,-11.245465538089483,33.608116677235266,-33.57100102210116
1000,All listed businesses,tips,late,909,4151,1654.0,1341.0,3154.0,3814.0,-18.923821039903267,20.92580849714647,-32.95378383845172
1000,Exclude location-flagged listings,reviews,post,901,4130,4339.0,12519.0,9951.0,34291.0,188.5227010831989,244.59853281077278,-16.27280048762322
1000,Exclude location-flagged listings,reviews,late,901,4130,4339.0,14380.0,9951.0,42839.0,231.41276791887532,330.49944729172944,-23.016679811369812
1000,Exclude location-flagged listings,reviewers,post,901,4130,4166.0,12260.0,9600.0,33458.0,194.2870859337494,248.52083333333334,-15.561120659812477
1000,Exclude location-flagged listings,reviewers,late,901,4130,4166.0,14080.0,9600.0,41672.0,237.97407585213634,334.0833333333333,-22.14073890908742
1000,Exclude location-flagged listings,checkins,post,901,4130,14594.0,36924.0,30481.0,73884.0,153.00808551459505,142.39362225648767,4.379019199967127
1000,Exclude location-flagged listings,checkins,late,901,4130,14594.0,23086.0,30481.0,47721.0,58.188296560230235,56.55982415275089,1.0401598342947072
1000,Exclude location-flagged listings,tips,post,901,4130,1653.0,1466.0,3153.0,4208.0,-11.312764670296428,33.46019663812243,-33.54780109444977
1000,Exclude location-flagged listings,tips,late,901,4130,1653.0,1341.0,3153.0,3804.0,-18.874773139745916,20.647002854424358,-32.75819130116163
1000,At least1 baseline review,reviews,post,346,1459,4342.0,6350.0,9957.0,18729.0,46.24596959926301,88.09882494727329,-22.250460820125916
1000,At least1 baseline review,reviews,late,346,1459,4342.0,5973.0,9957.0,18611.0,37.5633348687241,86.91372903484987,-26.4027658219394
1000,At least1 baseline review,reviewers,post,346,1459,4169.0,6233.0,9606.0,18309.0,49.508275365795164,90.5996252342286,-21.558987756631797
1000,At least1 baseline review,reviewers,late,346,1459,4169.0,5846.0,9606.0,18149.0,40.22547373470857,88.93399958359358,-25.780709642646393
1000,At least1 baseline review,checkins,post,346,1459,14455.0,21258.0,29024.0,46222.0,47.06329989622968,59.254410143329665,-7.655116260911033
1000,At least1 baseline review,checkins,late,346,1459,14455.0,10675.0,29024.0,25051.0,-26.1501210653753,-13.688671444321942,-14.437791457484838
1000,At least1 baseline review,tips,post,346,1459,1640.0,692.0,3058.0,2254.0,-57.804878048780495,-26.291693917593197,-42.753911744973706
1000,At least1 baseline review,tips,late,346,1459,1640.0,498.0,3058.0,1697.0,-69.6341463414634,-44.50621321124918,-45.2806243442517
1000,At least5 baseline reviews,reviews,post,181,488,4016.0,5565.0,8197.0,13095.0,38.57071713147411,59.75356837867511,-13.259704595136057
1000,At least5 baseline reviews,reviews,late,181,488,4016.0,5142.0,8197.0,12411.0,28.037848605577697,51.409052092228855,-15.43580331803074
1000,At least5 baseline reviews,reviewers,post,181,488,3852.0,5474.0,7871.0,12821.0,42.10799584631359,62.889086520137205,-12.757816449080849
1000,At least5 baseline reviews,reviewers,late,181,488,3852.0,5034.0,7871.0,12130.0,30.68535825545171,54.110024139245326,-15.199962503820242
1000,At least5 baseline reviews,checkins,post,181,488,12781.0,18875.0,22346.0,34957.0,47.68015022298724,56.43515618007697,-5.596571877367262
1000,At least5 baseline reviews,checkins,late,181,488,12781.0,9392.0,22346.0,19328.0,-26.515922071825372,-13.50577284525195,-15.041638794340317
1000,At least5 baseline reviews,tips,post,181,488,1502.0,599.0,2546.0,1604.0,-60.11984021304927,-36.99921445404556,-36.69894836809442
1000,At least5 baseline reviews,tips,late,181,488,1502.0,423.0,2546.0,1192.0,-71.83754993342211,-53.18146111547526,-39.84765279403748
