radius_m,area,period,metric,reviews,businesses,mean
100,Near,pre,stars,2857,192,3.7493874693734686
100,Comparison,pre,stars,9957,1459,3.740584513407653
100,Near,post,stars,7920,286,3.8376262626262627
100,Comparison,post,stars,34394,3035,3.7245449787753677
100,Near,pre,compound,2857,192,0.7522756387819391
100,Comparison,pre,compound,9957,1459,0.7182237320478055
100,Near,post,compound,7920,286,0.7037064772727273
100,Comparison,post,compound,34394,3035,0.6118195877187881
250,Near,pre,stars,3263,242,3.771682500766166
250,Comparison,pre,stars,9957,1459,3.740584513407653
250,Near,post,stars,9395,384,3.867589143161256
250,Comparison,post,stars,34394,3035,3.7245449787753677
250,Near,pre,compound,3263,242,0.7505474410052099
250,Comparison,pre,compound,9957,1459,0.7182237320478055
250,Near,post,compound,9395,384,0.7053965513571049
250,Comparison,post,compound,34394,3035,0.6118195877187881
500,Near,pre,stars,3807,278,3.775676385605464
500,Comparison,pre,stars,9957,1459,3.740584513407653
500,Near,post,stars,10943,470,3.8633829845563374
500,Comparison,post,stars,34394,3035,3.7245449787753677
500,Near,pre,compound,3807,278,0.7575088258471238
500,Comparison,pre,compound,9957,1459,0.7182237320478055
500,Near,post,compound,10943,470,0.6962619300009137
500,Comparison,post,compound,34394,3035,0.6118195877187881
1000,Near,pre,stars,4342,346,3.7770612620912023
1000,Comparison,pre,stars,9957,1459,3.740584513407653
1000,Near,post,stars,12548,602,3.8635639145680587
1000,Comparison,post,stars,34394,3035,3.7245449787753677
1000,Near,pre,compound,4342,346,0.7554058268079226
1000,Comparison,pre,compound,9957,1459,0.7182237320478055
1000,Near,post,compound,12548,602,0.692085073318457
1000,Comparison,post,compound,34394,3035,0.6118195877187881
