project,period,reviews,businesses,median_words,mean_words,p90_words,stars,vader
Lafitte,post,8808,343,73.0,102.719459582198,216.0,4.11716621253406,0.7260595481380563
Lafitte,pre,3592,244,100.0,132.08713808463253,272.0,3.8788975501113585,0.7230192928730511
Sun Link,post,10918,466,75.0,103.60478109543872,215.0,3.8614215057702874,0.6958722934603407
Sun Link,pre,3804,277,110.0,139.85488958990535,281.7000000000003,3.775762355415352,0.7574305993690851
Dilworth Park,post,36591,1160,82.0,111.74870869886037,231.0,3.843212811893635,0.6958020387526987
Dilworth Park,pre,17233,856,110.0,140.60610456681948,282.0,3.6586200893634304,0.7305081239482388
Water Works Park,post,1185,21,89.0,122.35105485232067,246.0,3.9628691983122364,0.7710746835443038
Water Works Park,pre,48,6,113.5,128.0625,245.00000000000009,3.9583333333333335,0.7232854166666667
Riverfront / Ascend,post,13276,202,67.0,95.12948177161796,198.0,3.864416993070202,0.705329067490208
Riverfront / Ascend,pre,2441,123,92.0,121.63047931175748,251.0,3.7169192953707495,0.724807046292503
