project,stars,vader_label,reviews
Lafitte,1.0,Negative,587
Lafitte,1.0,Neutral,41
Lafitte,1.0,Positive,411
Lafitte,2.0,Negative,248
Lafitte,2.0,Neutral,25
Lafitte,2.0,Positive,515
Lafitte,3.0,Negative,141
Lafitte,3.0,Neutral,23
Lafitte,3.0,Positive,1063
Lafitte,4.0,Negative,67
Lafitte,4.0,Neutral,16
Lafitte,4.0,Positive,2746
Lafitte,5.0,Negative,112
Lafitte,5.0,Neutral,22
Lafitte,5.0,Positive,6383
Sun Link,1.0,Negative,842
Sun Link,1.0,Neutral,41
Sun Link,1.0,Positive,559
Sun Link,2.0,Negative,325
Sun Link,2.0,Neutral,33
Sun Link,2.0,Positive,870
Sun Link,3.0,Negative,203
Sun Link,3.0,Neutral,23
Sun Link,3.0,Positive,1571
Sun Link,4.0,Negative,84
Sun Link,4.0,Neutral,27
Sun Link,4.0,Positive,3931
Sun Link,5.0,Negative,77
Sun Link,5.0,Neutral,29
Sun Link,5.0,Positive,6107
Dilworth Park,1.0,Negative,2939
Dilworth Park,1.0,Neutral,130
Dilworth Park,1.0,Positive,2138
Dilworth Park,2.0,Negative,1312
Dilworth Park,2.0,Neutral,99
Dilworth Park,2.0,Positive,3188
Dilworth Park,3.0,Negative,722
Dilworth Park,3.0,Neutral,110
Dilworth Park,3.0,Positive,6631
Dilworth Park,4.0,Negative,329
Dilworth Park,4.0,Neutral,120
Dilworth Park,4.0,Positive,15444
Dilworth Park,5.0,Negative,331
Dilworth Park,5.0,Neutral,156
Dilworth Park,5.0,Positive,20175
Water Works Park,1.0,Negative,59
Water Works Park,1.0,Neutral,1
Water Works Park,1.0,Positive,36
Water Works Park,2.0,Negative,17
Water Works Park,2.0,Neutral,1
Water Works Park,2.0,Positive,65
Water Works Park,3.0,Negative,16
Water Works Park,3.0,Neutral,1
Water Works Park,3.0,Positive,139
Water Works Park,4.0,Negative,7
Water Works Park,4.0,Neutral,5
Water Works Park,4.0,Positive,322
Water Works Park,5.0,Negative,2
Water Works Park,5.0,Neutral,3
Water Works Park,5.0,Positive,559
Riverfront / Ascend,1.0,Negative,909
Riverfront / Ascend,1.0,Neutral,51
Riverfront / Ascend,1.0,Positive,664
Riverfront / Ascend,2.0,Negative,356
Riverfront / Ascend,2.0,Neutral,29
Riverfront / Ascend,2.0,Positive,864
Riverfront / Ascend,3.0,Negative,199
Riverfront / Ascend,3.0,Neutral,24
Riverfront / Ascend,3.0,Positive,1710
Riverfront / Ascend,4.0,Negative,84
Riverfront / Ascend,4.0,Neutral,25
Riverfront / Ascend,4.0,Positive,3990
Riverfront / Ascend,5.0,Negative,60
Riverfront / Ascend,5.0,Neutral,36
Riverfront / Ascend,5.0,Positive,6716
