zip,businesses,review_count
70130,1512,257638
93101,1866,160312
19107,1353,159391
19103,1362,123487
37203,1179,114421
19147,1255,108620
89502,1804,100574
70116,672,99186
19106,851,78023
89501,644,65134
70115,816,64820
46204,718,63033
33607,796,54103
93117,901,53296
33701,667,51308
19104,777,51216
19102,600,48861
85719,835,46138
70112,435,45024
70119,604,44805
19123,570,44769
33602,650,44560
33706,455,43726
46220,720,43551
33606,510,43261
89511,830,42210
37201,271,40604
85705,1069,40133
83702,698,40114
33511,940,39700
93105,770,39510
37206,456,38946
33767,340,37385
46032,888,37187
19130,434,35122
33609,643,34982
89431,915,34974
37214,617,34535
19148,659,32949
19406,703,32926
85711,747,32705
85712,813,30615
37204,408,30370
63108,389,30309
46240,517,30008
37067,739,29998
19146,452,29985
70118,436,29703
85716,508,29480
89509,676,28839
85704,622,28680
33618,598,28182
19125,429,28101
85701,340,27965
37209,556,27183
63110,336,27165
33629,498,26489
89503,438,26470
33605,336,24526
46250,603,24344
70117,345,24109
63103,330,24041
33612,581,23908
70002,566,23891
63104,287,23787
46202,397,23722
63118,332,23722
37212,294,23413
37027,651,23148
37211,684,23043
34698,490,22928
85710,637,22917
83642,737,22796
37064,599,21958
93103,396,21489
33708,296,21033
85718,346,20900
46203,320,20667
08002,447,20532
89521,448,20137
63130,269,20116
89434,347,19334
37208,212,19332
63105,303,18885
63101,239,18852
19127,289,18416
33611,413,17911
85741,531,17442
93109,153,17096
46038,423,16942
89523,325,16826
93013,298,16684
46225,194,16574
19087,423,16540
63141,408,16421
63102,190,16312
19128,387,16292
33604,315,16275
08053,482,16146
63119,392,15926
37215,408,15898
19153,236,15812
34689,385,15739
19428,316,15597
33647,414,15572
19003,377,15535
37219,198,15323
08054,412,15045
63122,408,15028
33578,388,14880
33713,360,14861
33781,416,14752
63109,298,14635
33614,438,14488
19063,377,14196
89436,319,14187
89512,321,13933
19145,347,13839
33705,203,13735
37075,485,13678
83704,504,13488
18901,465,13409
19020,470,13378
33785,114,13362
83646,313,13342
46268,399,13323
63117,300,13222
83706,385,13190
18938,252,13167
33619,380,13056
19341,422,12829
63139,245,12727
08108,244,12678
19382,433,12677
93108,258,12672
33761,358,12485
63143,234,12442
33626,315,12436
85745,286,12381
85715,307,12309
33544,347,12190
19460,371,12128
33765,361,12127
34684,354,12068
19355,340,12064
70062,321,12028
33617,337,12006
83709,399,11976
63301,356,11952
34677,289,11945
63131,358,11857
46227,416,11856
33710,402,11844
70001,327,11700
70113,152,11638
19380,404,11609
37221,289,11607
19047,357,11606
19446,392,11471
19090,315,11451
37122,387,11378
70124,227,11280
70006,275,11256
19454,279,11058
46142,405,10992
83705,347,10955
33702,271,10922
33771,359,10804
18940,328,10801
33634,291,10745
46219,318,10689
33759,246,10538
85713,360,10419
19064,333,10400
46205,184,10351
63011,312,10288
08034,280,10266
63144,265,10238
33707,272,10189
70123,340,10091
70005,280,10064
37210,242,10032
19010,306,9946
08043,314,9895
33613,280,9812
33704,222,9812
19801,259,9672
19401,331,9652
46254,268,9560
37167,366,9548
19143,212,9471
19426,286,9435
63132,220,9417
37076,290,9389
83616,285,9296
33615,321,9285
19122,218,9245
63116,241,9199
33603,191,9133
62269,304,8969
19403,324,8861
46123,313,8845
19342,213,8814
19067,282,8761
19002,250,8753
19803,265,8695
85737,207,8686
63303,184,8482
46241,242,8400
19053,314,8369
33559,200,8351
70065,264,8326
85743,229,8311
37205,255,8297
08096,334,8274
85706,221,8244
19118,203,8232
19083,304,8139
62025,274,8109
33543,200,8088
89595,43,8011
19046,245,7994
46077,243,7989
46168,274,7944
70058,294,7910
19462,198,7767
63017,191,7761
37013,276,7751
33756,244,7694
08003,235,7665
34655,245,7605
33770,268,7476
19335,251,7447
19044,193,7415
37115,306,7396
83714,316,7361
46237,253,7354
33610,223,7348
33625,264,7266
19149,255,7240
18974,304,7239
33762,198,7223
19468,249,7184
89506,219,7177
08057,209,7119
46037,138,7109
34683,217,7077
46260,179,7062
08530,124,7005
37216,182,6965
63043,201,6965
19038,234,6964
19114,234,6956
33703,154,6913
37217,226,6775
34668,267,6748
34695,145,6734
33712,163,6674
33755,239,6651
19808,271,6588
18976,209,6586
37207,191,6573
93111,203,6533
33772,226,6527
62208,244,6487
08033,186,6474
19348,177,6465
19422,190,6403
63026,291,6367
63123,247,6301
85747,185,6298
63112,104,6269
33764,224,6258
33709,211,6257
19713,146,6237
18966,223,6230
70125,159,6180
85750,120,6122
19464,274,6118
19119,148,6095
34652,254,6091
19131,179,6072
19004,205,6030
19073,184,6004
08052,173,5969
46143,242,5914
19129,126,5892
08012,287,5833
46224,180,5797
08080,250,5758
70003,214,5709
19082,211,5708
33716,156,5703
19134,253,5685
85714,219,5660
70053,203,5639
19115,198,5614
19116,185,5374
08055,200,5321
70056,211,5188
19006,188,5186
19001,184,5124
46112,210,5122
08060,174,5121
33549,202,5090
33624,193,5064
63129,237,5045
19702,154,4996
46256,158,4988
33563,175,4968
19720,223,4825
93110,155,4786
46208,110,4773
63146,137,4753
46222,146,4725
08016,184,4717
19810,158,4717
19806,111,4635
37072,201,4520
08081,175,4490
19026,163,4465
63010,228,4424
63031,169,4392
08628,103,4378
19152,148,4360
63125,190,4338
19135,168,4332
70121,136,4330
85730,171,4325
63124,119,4321
19312,112,4310
19136,187,4309
08505,118,4303
19805,166,4278
33596,162,4210
33635,123,4206
63044,171,4163
33569,140,4118
19008,168,4105
19096,87,4088
63128,164,4058
19040,178,4046
08021,190,4039
34667,186,4019
19111,204,4018
19027,120,4000
08109,147,3984
08077,137,3972
63127,112,3961
08028,141,3957
33572,124,3951
19301,152,3896
34639,141,3815
33711,140,3802
70072,171,3770
19154,148,3719
19317,118,3718
34606,183,3710
33774,147,3704
33558,120,3687
63126,129,3686
70122,131,3675
83713,194,3666
19030,153,3660
85748,111,3634
62234,159,3625
19034,62,3611
33778,127,3590
46201,141,3576
33714,123,3567
19144,170,3489
62002,151,3465
33570,117,3459
19120,161,3453
62220,108,3453
46226,155,3320
19007,134,3311
37135,97,3256
46278,95,3256
33584,107,3249
08085,109,3237
85756,107,3190
33760,100,3183
70140,2,3165
63145,54,3163
33763,111,3139
19124,182,3109
63134,66,3067
19121,114,3062
18914,123,3045
70195,18,3023
46217,127,3006
85749,106,3003
19139,111,2997
19140,97,2983
34653,133,2962
33579,68,2942
89519,88,2917
37066,150,2915
63111,89,2913
63074,90,2891
19072,119,2888
46236,118,2877
83703,136,2862
33556,135,2839
19176,55,2811
33548,96,2803
85742,119,2786
33773,140,2781
34685,102,2752
85746,126,2739
33782,103,2735
89439,35,2734
19033,101,2733
08075,132,2694
46229,144,2683
85614,85,2664
08094,126,2613
33715,53,2610
19707,84,2607
70114,119,2605
19438,101,2572
08619,51,2570
63114,156,2501
19014,139,2497
33594,119,2472
08091,97,2458
19057,109,2452
85739,70,2452
34654,93,2437
19018,121,2427
08107,72,2421
93190,36,2416
33542,94,2405
19444,59,2388
18964,108,2368
62226,129,2341
19050,106,2325
34609,134,2325
63033,140,2318
46033,72,2308
19029,47,2307
37069,64,2282
18936,85,2245
37138,100,2239
70043,114,2239
33777,93,2236
63042,108,2231
93067,36,2229
19425,71,2212
19151,97,2201
18954,87,2186
33510,97,2181
08088,63,2145
63021,90,2135
08062,75,2129
19711,74,2119
63088,83,2099
19440,97,2070
18944,94,2062
19056,91,2056
85658,54,2046
08638,110,2028
18902,94,2010
34691,90,2002
70126,103,1997
34638,76,1993
08009,95,1983
19013,52,1945
85641,67,1941
46216,32,1912
33573,71,1904
19333,53,1883
70094,70,1865
08071,63,1864
33637,78,1834
46158,75,1829
19031,66,1819
85755,65,1817
19061,99,1782
37228,48,1772
18931,45,1739
08078,63,1735
19126,29,1725
19804,94,1724
08106,81,1699
89441,59,1688
19809,79,1687
33547,71,1659
46214,80,1658
08611,73,1657
37188,74,1647
19150,72,1645
18951,77,1617
19405,46,1616
37213,34,1563
19138,55,1559
08110,91,1558
19473,63,1549
08103,28,1530
62221,77,1522
70127,72,1519
46234,71,1508
19807,50,1504
19456,35,1444
33545,33,1438
19015,74,1423
70037,55,1417
08618,64,1411
19465,73,1387
19078,53,1384
08610,92,1380
85629,53,1335
89440,31,1334
19703,59,1328
19474,47,1316
46060,32,1301
19085,41,1300
37086,89,1300
46239,67,1295
46075,42,1292
85707,42,1282
19025,49,1274
62040,89,1269
34607,35,1258
08083,58,1257
46280,33,1240
19041,54,1219
19036,66,1214
46218,64,1206
08035,54,1194
33534,52,1192
46221,55,1181
19132,53,1178
70128,56,1177
08031,55,1172
63135,46,1171
18915,47,1161
19095,60,1161
62034,72,1161
19081,48,1159
33776,50,1153
19076,51,1150
19021,40,1149
46055,32,1149
08046,67,1141
19477,30,1136
63049,45,1117
19137,60,1072
19195,35,1059
89433,53,1056
70131,46,1031
62298,47,1017
19142,61,1014
62236,54,1012
83716,60,1004
18929,40,1003
19032,33,994
85757,26,992
19372,45,991
08030,56,990
70170,24,987
08022,38,986
19054,50,965
19055,52,962
34608,47,960
62223,46,957
33565,17,953
62294,50,952
19475,49,946
37246,30,942
08048,60,932
33566,52,922
08036,53,919
08086,38,918
19141,57,917
18969,41,910
08084,43,901
83712,30,901
08029,25,880
70032,32,876
18960,39,873
63136,64,868
08608,42,859
19512,38,846
63121,48,846
08093,33,831
19066,21,825
19802,46,825
46231,42,825
19043,47,823
37146,45,823
19525,53,815
19094,31,814
46113,47,805
63106,22,801
37172,52,785
19070,39,778
08070,48,776
63052,46,770
46290,13,751
34669,50,738
62062,40,738
19023,56,727
19112,20,726
08648,28,724
08059,32,716
70129,20,712
85619,10,704
19012,34,700
18947,28,696
08102,32,682
08097,34,676
37220,27,676
37243,13,673
33576,16,670
08065,38,658
19311,32,655
08049,34,633
19133,41,632
46107,42,625
08007,33,622
85735,23,619
08037,25,617
08098,37,616
18977,22,605
37015,44,605
08069,30,604
62095,42,591
33541,33,588
70087,20,585
34690,36,581
18912,21,577
08051,38,574
33689,10,573
19019,32,560
08322,25,554
19075,34,541
08020,11,528
19113,11,526
08609,24,519
19320,29,514
62232,26,512
33592,33,506
33616,35,506
37189,16,502
62035,28,500
37218,23,499
08105,28,498
33527,30,498
08066,25,494
08318,28,489
34221,22,487
08026,18,485
46235,21,475
18917,25,473
62201,23,458
18073,22,454
93106,22,445
37082,20,442
33525,13,432
08010,24,431
63045,25,428
18949,14,426
08045,18,425
19423,7,418
34688,19,414
37080,28,412
46163,15,408
89508,12,407
19060,22,403
85721,20,401
37068,6,374
62258,15,368
46184,25,366
19443,10,361
08090,18,360
19022,20,356
33601,26,356
08560,9,352
19074,18,352
63053,5,352
83725,5,350
89555,12,347
33598,25,344
19436,2,337
62254,25,331
89432,21,330
08004,23,327
18946,3,325
93102,18,325
62206,24,324
08629,20,320
46140,14,314
46262,13,299
89557,16,293
46040,7,292
46259,19,291
37011,21,290
62260,23,287
08312,19,280
08534,9,276
93031,2,269
33567,13,267
34610,22,267
37090,16,267
08518,13,264
18925,17,260
37073,20,260
19079,21,259
19343,14,255
89510,12,255
63120,8,254
70139,8,251
89704,9,251
18074,14,248
08328,14,241
63133,18,239
62024,16,236
37232,12,235
63190,9,233
19725,3,232
37229,3,232
63107,15,230
70156,1,224
70174,1,223
70179,3,222
63310,1,221
46228,22,218
08344,7,207
63113,14,204
19331,4,203
08079,16,201
19442,5,200
96161,11,198
34604,6,195
18932,6,192
37012,1,192
85653,10,188
19486,4,186
19086,13,185
46122,12,185
19101,6,184
19100,1,183
63115,13,181
19710,4,177
19035,11,176
19357,4,176
18928,7,171
08027,12,170
08089,11,165
63147,12,161
32246,1,159
08104,19,157
19374,9,156
63138,19,154
33860,1,153
33623,4,151
33620,9,150
83634,9,150
19850,3,148
83701,13,148
89513,7,147
19490,7,142
93121,11,142
19383,5,137
08067,4,135
62243,6,135
19470,3,132
70092,5,132
19110,8,130
90703,1,130
83707,6,128
93160,8,127
46282,3,126
93118,11,125
85702,6,123
19430,2,122
37065,3,121
62225,15,120
19437,1,119
70070,8,116
70075,7,115
08068,9,114
63034,10,114
89505,4,111
33503,2,110
34682,2,109
19155,1,108
19375,2,108
18913,2,107
33568,6,106
93130,6,104
08343,9,103
34637,8,102
19735,1,101
33621,10,101
33630,3,101
18054,10,100
33588,2,100
08063,6,98
83717,8,98
46151,2,97
19108,2,96
46206,3,95
62010,9,94
19373,4,92
19492,8,92
19409,3,91
18962,7,90
62204,6,87
19109,5,86
70163,3,86
46255,3,83
19353,3,82
85726,3,82
18923,7,81
19421,1,81
19718,1,81
33733,4,81
34619,1,81
18980,1,79
08607,1,78
85731,6,78
18984,1,77
37238,1,77
62203,4,77
89504,4,76
85728,4,74
62285,7,73
85752,9,73
93107,2,73
34203,1,72
37248,1,72
19518,1,71
08041,3,70
70177,2,70
19450,3,69
08601,1,67
37024,3,66
46296,2,66
62060,4,64
93140,4,64
70165,1,63
20781,1,62
70148,4,62
08691,3,61
19520,4,61
08825,1,60
47448,2,60
19736,2,59
18076,6,58
19009,5,58
32904,1,58
19701,5,57
63137,6,57
08018,4,55
19453,3,55
46307,1,54
33586,1,53
34697,2,53
62205,5,53
87512,1,53
93199,3,53
85717,2,52
93120,4,52
37062,5,51
46052,3,51
63302,2,51
85751,3,51
33786,3,50
08032,2,49
08061,2,48
33672,2,48
19395,2,46
70073,1,46
93642,1,45
93150,2,44
46082,5,43
63182,1,43
28801,1,42
46126,1,42
70151,1,42
48655,1,41
65714,1,41
70085,3,41
84714,1,41
85732,3,41
19037,2,40
89701,2,40
19052,2,39
19548,1,39
18924,1,38
33608,1,38
62239,4,38
08056,4,37
08554,5,37
18084,2,36
18963,1,36
37043,1,36
62202,1,36
19093,1,35
33811,1,35
01940,1,34
19160,1,34
19381,2,34
34250,3,34
46242,2,34
62059,4,34
70033,3,34
92324,1,34
37240,3,33
83711,3,33
83719,4,33
85723,1,33
33734,3,32
37087,4,32
38066,1,32
55101,1,32
18911,2,31
33747,2,31
85654,2,31
85709,3,31
33631,2,30
46106,3,30
62018,3,30
83708,2,30
89435,4,30
28607,1,29
33574,2,28
33731,2,28
37143,4,28
83907,1,28
93907,1,28
37111,1,27
08100,1,26
19481,3,26
85740,2,26
89515,2,26
08302,2,25
70132,1,25
85652,3,25
91307,1,25
95050,1,25
19099,1,24
19407,3,24
33540,4,24
85724,1,24
19457,3,23
46036,1,23
46230,1,23
63155,2,23
70458,2,23
83680,4,23
19472,2,22
33694,2,22
33757,2,22
37070,2,22
37202,2,22
46269,1,22
63080,1,22
79047,1,22
89533,2,22
18918,2,21
33643,1,21
34660,2,21
62048,2,21
76903,1,21
33681,3,20
37250,1,20
62207,2,20
63012,1,20
63022,1,20
70141,2,20
70434,1,20
92805,1,20
08014,2,19
08515,3,19
85754,1,19
08001,2,18
18927,2,18
33583,1,18
46183,1,18
07836,1,17
18971,1,17
18979,1,17
19487,3,17
19603,1,17
33508,2,17
33758,3,17
34211,1,17
34611,2,17
37230,1,17
62087,1,17
70063,2,17
70097,1,17
85271,1,17
85733,2,17
90261,1,17
19080,1,16
19117,1,16
33775,2,16
37934,1,16
43215,1,16
46062,2,16
62558,1,16
63004,1,16
70187,1,16
91306,1,16
94960,1,16
19017,2,15
37026,1,15
83715,1,15
10426,1,14
19028,2,14
19399,2,14
19717,1,14
32709,1,14
33677,2,14
34681,1,14
37014,2,14
37148,1,14
46074,2,14
63156,1,14
70185,1,14
92260,1,14
01903,1,13
08074,2,13
11735,1,13
19092,2,13
30129,1,13
33595,1,13
33670,1,13
33769,1,13
46006,1,13
83651,1,13
85226,1,13
86712,1,13
89507,2,13
93030,1,13
99324,1,13
18934,2,12
19344,1,12
19884,1,12
32711,1,12
33732,2,12
34432,1,12
37130,1,12
63379,1,12
77077,1,12
81657,1,12
93014,1,12
96143,1,12
08095,2,11
08510,1,11
19065,1,11
19432,1,11
19445,1,11
33680,1,11
33730,1,11
33742,1,11
34201,1,11
37174,1,11
62222,1,11
63140,2,11
85623,2,11
95661,1,11
00802,1,10
05201,1,10
07882,1,10
08101,1,10
18916,1,10
18956,1,10
34680,1,10
37121,2,10
63003,1,10
63157,1,10
63304,1,10
78704,1,10
80436,1,10
07740,1,9
08501,1,9
08620,1,9
08690,1,9
18972,1,9
19504,1,9
33067,1,9
37685,1,9
48066,1,9
62084,1,9
63166,1,9
70016,1,9
70039,1,9
70158,1,9
78752,1,9
83629,1,9
92626,1,9
18360,1,8
19545,1,8
19901,1,8
28217,1,8
33371,1,8
33483,1,8
33646,1,8
33679,1,8
34217,1,8
34656,1,8
46266,1,8
80210,1,8
83669,1,8
83687,1,8
83864,1,8
91355,1,8
93001,1,8
93119,1,8
08005,1,7
08072,1,7
08073,1,7
18922,1,7
19488,1,7
33688,1,7
34766,1,7
37077,1,7
37116,1,7
37235,1,7
37411,1,7
46131,1,7
46156,1,7
70064,1,7
70172,1,7
80246,1,7
83641,1,7
85703,1,7
85812,1,7
89341,1,7
89408,1,7
89447,1,7
89706,1,7
93041,1,7
08401,1,6
19404,1,6
19482,1,6
32514,1,6
33622,1,6
33627,1,6
33779,1,6
34232,1,6
34640,1,6
37222,1,6
44012,1,6
46128,1,6
46244,1,6
59901,1,6
63386,1,6
70004,1,6
70017,1,6
70054,1,6
70175,1,6
88431,1,6
88511,1,6
91390,1,6
92026,1,6
94804,1,6
99207,1,6
08247,1,5
08340,1,5
08625,1,5
15301,1,5
17701,1,5
18041,1,5
18615,1,5
19016,1,5
19192,1,5
19435,1,5
19508,1,5
19874,1,5
19895,1,5
32703,1,5
33037,1,5
33069,1,5
33524,1,5
33551,1,5
33674,1,5
33738,1,5
33746,1,5
34207,1,5
37129,1,5
37604,1,5
46211,1,5
62026,1,5
62656,1,5
63005,1,5
70152,1,5
70157,1,5
70448,1,5
79115,1,5
83720,1,5
85708,1,5
89709,1,5
90041,1,5
96150,1,5
98501,1,5
